id,prompt,svg_length,path_count,primitive_count,shape_count,tag_count_total,max_depth,path_cmd_count_per_svg,has_g,has_defs,has_style_attr,has_transform_attr,has_use,has_symbol
fa1d8fa7-080f-4269-a9cf-a17562c9a0ca,,14162,3,0,3,4,1,383,0,0,0,0,0,0
6eede943219547c22ac56085027d33cc,,466,1,0,1,2,1,28,0,0,0,0,0,0
ea045c7a247166f061ce504d9b7ccaab,,938,3,0,3,4,1,38,0,0,0,0,0,0
8fe82f3af89e487b31236ca829c3f071,,3457,2,0,2,3,1,124,0,0,0,0,0,0
600464e4d92c75338462271a09b3f176,,232,1,0,1,2,1,6,0,0,0,0,0,0
9e831fb6831745f4d15156b7a95e4f92,,1577,2,0,2,3,1,63,0,0,0,0,0,0
8cbefcd53fd5dfa2cbe1b374356ed709,,938,3,0,3,4,1,35,0,0,0,0,0,0
625181a2-600d-4db5-83c6-1a34676eb0dc,,1356,1,0,1,2,1,52,0,0,0,0,0,0
8ba1bd7c-211c-43b0-a4aa-0e6e33c92486,,2160,1,0,1,2,1,83,0,0,0,0,0,0
4e56e508270eb0d02291927638d3c685,,1753,1,0,1,2,1,57,0,0,0,0,0,0
bef2864d9a862b7436c73435346f1c64,,578,1,0,1,2,1,24,0,0,0,0,0,0
7f11068772653f283977d9c2f5612a02,,2416,6,0,6,7,1,106,0,0,0,0,0,0
cc1df4dd3f0cc361daa667ee0f05eaf7,,14052,3,0,3,4,1,380,0,0,0,0,0,0
8821c406-676c-4fdf-b18f-fe01c00d793f,,440,1,0,1,2,1,24,0,0,0,0,0,0
8390a1ddd68fc7de495d11dffab32031,,926,3,0,3,4,1,33,0,0,0,0,0,0
48fba8b033c732c00f1a288dfc34aedc,,10162,1,0,1,2,1,709,0,0,0,0,0,0
1d800968d7d3aa76b9e097cee61fbe60,,543,2,0,2,3,1,19,0,0,0,0,0,0
5f4a048069086cff1d5f8d424af1b8ca,,908,3,0,3,4,1,31,0,0,0,0,0,0
363e052b0457c60892eab6c887dd5b27,,2049,7,0,7,8,1,77,0,0,0,0,0,0
d942c8be4045344396e6a113f7c58a3f,,1419,1,0,1,2,1,71,0,0,0,0,0,0
5486017c6c4d153449d07c7c4f7afbd4,,1963,4,0,4,5,1,74,0,0,0,0,0,0
7e63b44725fd31b7ee98d8ba88fe29cd,,1679,1,0,1,2,1,70,0,0,0,0,0,0
75ea7d1de57013d3d210046f6cec14d5,,525,1,0,1,2,1,21,0,0,0,0,0,0
9bda86e2078baf4d4fa15be8de3bcdce,,1375,1,0,1,2,1,93,0,0,0,0,0,0
5847d7d98926031f8b9ca1eb61fa7163,,1012,2,0,2,3,1,48,0,0,0,0,0,0
c97c8f66ce177e81c529de16b5bd4118,,681,1,0,1,2,1,30,0,0,0,0,0,0
e41ccb9c836340147df2ccb127e8dde6,,1055,1,0,1,2,1,45,0,0,0,0,0,0
1bb91e93-817e-484d-859c-428ec68c30f9,,2311,4,0,4,5,1,178,0,0,0,0,0,0
643a84fa96883ea934fdf60cd6b58513,,978,2,0,2,3,1,37,0,0,0,0,0,0
7116d593ba10694dbf864f192ff2f07b,,821,2,0,2,3,1,34,0,0,0,0,0,0
d14ffebbc58e451c3d713e66e59414e0,,929,1,0,1,2,1,39,0,0,0,0,0,0
42ec3240e21ab822adca80d09707c527,,1340,1,0,1,2,1,45,0,0,0,0,0,0
fb7d61688fa296dea40d7e579db49428,,1408,5,0,5,6,1,57,0,0,0,0,0,0
2dc79da3-62ee-49ab-815d-ebcd832cfd2d,,1263,1,0,1,2,1,68,0,0,0,0,0,0
1d716bd624982a0e450cbdd9abbc21f6,,483,1,0,1,2,1,28,0,0,0,0,0,0
c323393eac394f19afec9f714b63976d,,579,1,0,1,2,1,23,0,0,0,0,0,0
25ac054b53cc1e9443ba87fbb4f3f25d,,481,2,0,2,3,1,23,0,0,0,0,0,0
8aeed0decb8802edd77fde5e026eb915,,429,1,0,1,2,1,12,0,0,0,0,0,0
81ef4bd0b6d6d5e1980b8e39646d5097,,969,2,0,2,3,1,37,0,0,0,0,0,0
4a77266da26727f9ae4858d0a368d168,,344,1,0,1,2,1,15,0,0,0,0,0,0
e3eb16f93299028540e0ca713c279086,,138,0,1,1,2,1,0,0,0,0,0,0,0
8d4aea82-e57e-4019-aff5-c8383c34c2a3,,12684,1,0,1,2,1,382,0,0,0,0,0,0
42774b275712fad4243e86e2805aadc6,,796,1,0,1,2,1,38,0,0,0,0,0,0
46985c942079349b8c4d5fcc20999368,,1012,3,0,3,4,1,36,0,0,0,0,0,0
e3e0fff5ead535daf599d302dd645b45,,419,1,0,1,2,1,22,0,0,0,0,0,0
912205c69e8d840c623389740a95c61c,,361,2,0,2,3,1,11,0,0,0,0,0,0
73d9382bff01f823b41e1b5956f067d9,,1187,2,0,2,3,1,48,0,0,0,0,0,0
53265889-a906-470a-8717-f3af3c5e5ccd,,9543,2,0,2,3,1,749,0,0,0,0,0,0
b1ca02cfeedcd872a55c70ce6b3ff09c,,1564,2,0,2,3,1,69,0,0,0,0,0,0
thesantatitan_deepseek-svg-dataset_0004683,,11565,50,0,50,51,1,450,0,0,0,0,0,0
thesantatitan_deepseek-svg-dataset_0003059,,3343,12,0,12,13,1,144,0,0,0,0,0,0
2ee5815d274c932d7595db413c0d45a8,,9594,3,0,3,4,1,744,0,0,0,0,0,0
22c9af1ee5c39d0f2c1cfced7b303b31,,705,1,0,1,2,1,28,0,0,0,0,0,0
6ffc093dac031f57dedbff4c54ad6b53,,9006,2,0,2,3,1,441,0,0,0,0,0,0
3307888a6e369e7b8fe8f97b1d5ca059,,1313,2,0,2,3,1,42,0,0,0,0,0,0
thesantatitan_deepseek-svg-dataset_0003803,,13133,1,0,1,2,1,427,0,0,0,0,0,0
thesantatitan_deepseek-svg-dataset_0001862,,12993,4,0,4,5,1,381,0,0,0,0,0,0
d3662fd819d68f1d3ea300f7ffbafaf1,,510,1,0,1,2,1,22,0,0,0,0,0,0
805e13c9-09d2-4828-a754-1939092246f4,,14270,2,0,2,3,1,383,0,0,0,0,0,0
f317b1db71a938871c811c8e3a64ff78,,585,1,0,1,2,1,21,0,0,0,0,0,0
de3d096a9919e2d36bfab7d98f12471b,,1550,2,0,2,3,1,75,0,0,0,0,0,0
6a23eaf9af94f1dc2c6757965b09958b,,1062,1,0,1,2,1,43,0,0,0,0,0,0
f82a1d17293a309f41c745a2dd9e3057,,571,1,0,1,2,1,24,0,0,0,0,0,0
36395e670d119b48df4895776d5b74c2,,1133,2,0,2,3,1,49,0,0,0,0,0,0
0feb0f573c27675b0d3a4d9a314f8127,,781,1,0,1,2,1,34,0,0,0,0,0,0
580d7d5cdf416645f13d6d9e3aa2590b,,343,1,0,1,2,1,16,0,0,0,0,0,0
fa6ccf7e-9549-47c5-8c05-0b96ec5d56f3,,4202,16,0,16,17,1,173,0,0,0,0,0,0
a0e1e594-d8ab-43e1-a395-eeb8db7132a5,,881,1,0,1,2,1,53,0,0,0,0,0,0
c8d9f86a253c3316308f642ebf1df890,,437,1,0,1,2,1,18,0,0,0,0,0,0
6533809323284ce30427cde779fff269,,1613,3,0,3,4,1,60,0,0,0,0,0,0
db5e492cdd2ef3eff0a1a5798a2e1e03,,11701,1,0,1,2,1,510,0,0,0,0,0,0
18626b764590055f2aae6292fd38df50,,627,1,0,1,2,1,32,0,0,0,0,0,0
af5c92c5dd805ba882bf2cf71f1c0da5,,747,2,0,2,3,1,31,0,0,0,0,0,0
6514c1d3e873cde2d0b364aa72b94b03,,902,4,0,4,5,1,31,0,0,0,0,0,0
85a815b47e2f89ffeb68de032151f56d,,1201,1,0,1,2,1,36,0,0,0,0,0,0
8f92d1229080b7ce7b1fcec21cb213db,,606,1,0,1,2,1,23,0,0,0,0,0,0
1bfff390-28ce-4d73-85d4-0c58113fdd88,,693,1,0,1,2,1,35,0,0,0,0,0,0
7768eaa8d8a3f4de8d722af327e6e4fa,,689,1,0,1,2,1,35,0,0,0,0,0,0
959e0c49460d7355330faa5fc6966fa6,,5296,18,0,18,19,1,210,0,0,0,0,0,0
86eb9093f8e49aba9fee562bd0701ed4,,815,2,0,2,3,1,25,0,0,0,0,0,0
e9ffd3297260257322b15ba6510e836e,,238,1,0,1,2,1,6,0,0,0,0,0,0
0fddcd7d7cc5f4e47d3593536e7f797e,,246,1,0,1,2,1,7,0,0,0,0,0,0
58851b06-b2b9-4a7e-96f4-c057ecfcb03e,,1154,2,0,2,3,1,51,0,0,0,0,0,0
afc35e09-e0b3-4005-85a6-5b9ea92ffc44,,4453,1,0,1,2,1,155,0,0,0,0,0,0
dd69f2cfb431fdf4ced08f7255dd6970,,915,1,0,1,2,1,33,0,0,0,0,0,0
6f4c365ad0d7bba6930c3f3633213f66,,9921,1,0,1,2,1,735,0,0,0,0,0,0
43538b024f1f60fe918a5bf3940aea9f,,902,2,0,2,3,1,40,0,0,0,0,0,0
df01f46bd358f107b4919b94efb0b365,,2492,4,0,4,5,1,106,0,0,0,0,0,0
58b9421f28c24d526023e8b1b2493325,,1050,1,0,1,2,1,50,0,0,0,0,0,0
4a968506f2c7f3da659a1d8cdc568ddd,,557,1,0,1,2,1,28,0,0,0,0,0,0
832a8032c3da6573c5530a5f6537486a,,6024,2,0,2,3,1,515,0,0,0,0,0,0
9e331a32e09fbc708dea49b88027cd6e,,1017,2,0,2,3,1,47,0,0,0,0,0,0
3ab946716c079e386eae3c608eb3e510,,1106,1,0,1,2,1,44,0,0,0,0,0,0
1b80bd25-ccb4-4041-9895-142e59610944,,9423,2,0,2,3,1,385,0,0,0,0,0,0
89aef77e14a596edcf6a61dc687e18f2,,916,5,0,5,6,1,34,0,0,0,0,0,0
2efc5bf83782701ffe988db621c4bef9,,2815,4,0,4,5,1,131,0,0,0,0,0,0
69c33b61d96656ff61ed82d455d9142b,,838,1,0,1,2,1,30,0,0,0,0,0,0
3c0fc1a44e3b6a8aaae3f7daacfccc90,,1403,1,0,1,2,1,49,0,0,0,0,0,0
41326c8540b89371b2ac41cd1ce06b32,,712,4,0,4,5,1,35,0,0,0,0,0,0
thesantatitan_deepseek-svg-dataset_0003427,,13556,2,0,2,3,1,449,0,0,0,0,0,0
7fc400bb5e93c44d6b63d0fdc6e0ff14,,1248,3,0,3,4,1,51,0,0,0,0,0,0
9e72c6dd78d3115435efdd77656d9cf7,,2106,3,0,3,4,1,97,0,0,0,0,0,0
2083ff4e29756f813951e64909f79e87,,502,1,0,1,2,1,14,0,0,0,0,0,0
a3f7d55f98b9f4650982837716e45558,,8761,1,0,1,2,1,672,0,0,0,0,0,0
51638adddbb17dd52b7a860d091afea2,,845,1,0,1,2,1,46,0,0,0,0,0,0
8edb2eb8e91319b38e0861e57637f9be,,820,2,0,2,3,1,44,0,0,0,0,0,0
868eb1cfe38c855f29c42910408a503f,,1648,3,0,3,4,1,61,0,0,0,0,0,0
11a27a3b6cf29b26cfb4e9705a0f2b91,,608,1,0,1,2,1,26,0,0,0,0,0,0
e1f2704ae308f86cfd5a65dce745e37a,,9338,1,0,1,2,1,716,0,0,0,0,0,0
963bb1df7ab893b87b41941827c22f17,,691,2,0,2,3,1,23,0,0,0,0,0,0
4b5eeb0941380dab5e4b7c21a36902b0,,802,1,0,1,2,1,36,0,0,0,0,0,0
eba7feb3013e23adb23aa8432b5c6e40,,9275,1,0,1,2,1,468,0,0,0,0,0,0
4e355e35dc8edb95b514e3487a9e13f4,,2892,1,0,1,2,1,163,0,0,0,0,0,0
b3e6d797f017ecf5c69db1bc13ea6505,,269,1,0,1,2,1,9,0,0,0,0,0,0
b7b04b9f8a1071aba9fe8401fad79678,,11150,5,0,5,6,1,556,0,0,0,0,0,0
f8442c8dd7a2c3d1ae8c7c1f2ea9a253,,478,2,0,2,3,1,18,0,0,0,0,0,0
59ba28b82776364e6d5c9b82b1ca33b4,,571,1,0,1,2,1,21,0,0,0,0,0,0
91348c0b0c69183ca7a5ce0c14d33d4c,,2637,1,0,1,2,1,148,0,0,0,0,0,0
thesantatitan_deepseek-svg-dataset_0002981,,11614,42,0,42,43,1,412,0,0,0,0,0,0
501d22e95eb0f1a021b4cbd657a09f60,,441,1,0,1,2,1,18,0,0,0,0,0,0
f22a95ed-6e0b-40b4-bab4-03d1813e32ce,,834,1,0,1,2,1,41,0,0,0,0,0,0
a90ccfad4269a659725a078c9c3385e0,,3893,1,0,1,2,1,112,0,0,0,0,0,0
cca98eb919e4d42b9402b9a15ab7a27f,,1287,3,0,3,4,1,48,0,0,0,0,0,0
9c714437b101a275aa57869f2fe83aa5,,272,1,0,1,2,1,9,0,0,0,0,0,0
thesantatitan_deepseek-svg-dataset_0002054,,13128,2,0,2,3,1,385,0,0,0,0,0,0
c1ed0cae3affe5b41eafffb724da4eff,,952,1,0,1,2,1,54,0,0,0,0,0,0
c954181c0f7068dfa557d5fa204a9ab3,,3361,11,0,11,12,1,131,0,0,0,0,0,0
ef0950dbc0cfd0a6b9e64593180580ee,,481,1,0,1,2,1,19,0,0,0,0,0,0
99dd6d71-6ed3-4053-be6f-8fe2586fd599,,1417,2,0,2,3,1,47,0,0,0,0,0,0
55d6d473c725fbb1de811c9d2afdaa8c,,1451,1,0,1,2,1,53,0,0,0,0,0,0
d1357835-8e25-45f8-80ed-5c93caafd8ff,,1405,1,0,1,2,1,86,0,0,0,0,0,0
c4faf634-3023-4cec-b1d1-9e27c09ec28a,,989,1,0,1,2,1,37,0,0,0,0,0,0
23fd0372-c4df-42f1-b3ba-d5b26911afd7,,9508,2,0,2,3,1,382,0,0,0,0,0,0
d3e7f6cc778c47961ce4efeb7829f5f0,,752,2,0,2,3,1,23,0,0,0,0,0,0
thesantatitan_deepseek-svg-dataset_0002855,,13005,2,0,2,3,1,382,0,0,0,0,0,0
10f4ee45-455b-4a12-af4c-4ad671cc88cc,,721,2,0,2,3,1,26,0,0,0,0,0,0
9d9983d2944a72fc057c2c1e38520157,,1128,1,0,1,2,1,52,0,0,0,0,0,0
ae8f7c626b4d5dcc1e9f3ba1ec56d8db,,10040,2,0,2,3,1,734,0,0,0,0,0,0
8a256a06888539b2276f0728b298bcf6,,1147,1,0,1,2,1,41,0,0,0,0,0,0
f1483a452ca6724ef63ee11ca94fb4b9,,729,3,0,3,4,1,31,0,0,0,0,0,0
4f373ffabc552ec0ac5d7f039c79e730,,545,2,0,2,3,1,27,0,0,0,0,0,0
a76889ab492cb7974e73d5a0b1b02d01,,789,1,0,1,2,1,33,0,0,0,0,0,0
2a5ed734fc8b884fb29017f2b145469e,,1097,1,0,1,2,1,57,0,0,0,0,0,0
ad66f0cb81724c93dce3bce7fb6ee477,,677,1,0,1,2,1,30,0,0,0,0,0,0
2396f2ab4dfe7860463ad9438b3e2608,,966,1,0,1,2,1,39,0,0,0,0,0,0
f141210c97daf31a237c6c01ff221ccb,,1457,5,0,5,6,1,58,0,0,0,0,0,0
a9b948dca66819446ca60ed183b64f56,,611,2,0,2,3,1,26,0,0,0,0,0,0
0185f3975d6a39f29003339669d98720,,767,1,0,1,2,1,39,0,0,0,0,0,0
976cb41e081a20f3c6b97d026a3b36b6,,2075,1,0,1,2,1,63,0,0,0,0,0,0
e77199c27ef910306b1b05c3071d5f02,,3532,2,0,2,3,1,126,0,0,0,0,0,0
c106940a5f0dab81ce47beb97b6583bf,,853,1,0,1,2,1,28,0,0,0,0,0,0
4d0a2eb6-e631-4382-9bb8-6257a35e3c35,,9781,2,0,2,3,1,385,0,0,0,0,0,0
4c2ca501bd739340de1d7090e731bb01,,701,2,0,2,3,1,21,0,0,0,0,0,0
576645d5e68be36d97b63de0f127d453,,618,1,0,1,2,1,22,0,0,0,0,0,0
8c53af1feb8b2428b55a56b03c7f7183,,1006,3,0,3,4,1,40,0,0,0,0,0,0
976ce5a45126d71ebbe4ff71467d4cd6,,968,2,0,2,3,1,37,0,0,0,0,0,0
366b603a3643088ac81d98569bd3e962,,1053,1,0,1,2,1,84,0,0,0,0,0,0
f042a3f29c965a1ea50f22002bbd25e0,,1058,2,0,2,3,1,42,0,0,0,0,0,0
487dd547-7ba2-41cf-b5aa-08691b4e0d0b,,1701,7,0,7,8,1,80,0,0,0,0,0,0
ea23c50eb991f46f812108d7f2b88e95,,593,1,0,1,2,1,20,0,0,0,0,0,0
dc2053c8-2c1f-4d5b-be7a-d1edb51b4d9d,,1046,1,0,1,2,1,48,0,0,0,0,0,0
208d3a204869313c75a2188821e965b1,,895,3,0,3,4,1,30,0,0,0,0,0,0
522dbb719a7af9320fbd1e283f4de091,,11381,3,0,3,4,1,356,0,0,0,0,0,0
853ecc8c-4b22-49b1-b401-8fab84804e88,,1273,2,0,2,3,1,66,0,0,0,0,0,0
e0db5eacebc21e859253d0b383a1ed96,,663,1,0,1,2,1,38,0,0,0,0,0,0
c485dd74cf5e9bb13491c0d54589939a,,674,1,0,1,2,1,25,0,0,0,0,0,0
c91871a6-5f92-4f84-ac8a-758d5adcbf50,,1171,6,0,6,7,1,48,0,0,0,0,0,0
5460b288-68cd-47b4-a7f0-3dcc7af46e22,,623,1,0,1,2,1,30,0,0,0,0,0,0
20c327c57674a8cbc5960bf89e75aada,,647,2,0,2,3,1,28,0,0,0,0,0,0
26accc1d0eae3cf5a282fe8bc9f24ae6,,945,1,0,1,2,1,44,0,0,0,0,0,0
73708003-fcac-40e5-ab72-56cf146bd6ea,,337,1,0,1,2,1,9,0,0,0,0,0,0
b031866f9839e47867bdf04be7c70179,,2193,3,0,3,4,1,111,0,0,0,0,0,0
2027e68d0f0f12743d8b1b3e0bf7327d,,953,2,0,2,3,1,48,0,0,0,0,0,0
29aeeb99-5145-4c28-9fca-7a691e2fcbba,,440,2,0,2,3,1,18,0,0,0,0,0,0
cd10d9e2a00497818b7bc88db9265125,,402,1,0,1,2,1,21,0,0,0,0,0,0
90efed7b71ba491724756bbcbfc46734,,1256,2,0,2,3,1,49,0,0,0,0,0,0
a94d05f0e0eb85e06839b5c1c5523a74,,12957,11,0,11,12,1,390,0,0,0,0,0,0
fa16ad7ec9e08db1119b96f54d67f1c8,,1238,1,0,1,2,1,49,0,0,0,0,0,0
a92453bd82b74a72badf504d9fb77bbd,,276,1,0,1,2,1,9,0,0,0,0,0,0
75cbc991cd88a5b0b0351a1e6d743a1d,,756,2,0,2,3,1,27,0,0,0,0,0,0
e0fb222844234c7fde7149aa7a2c49e2,,1753,1,0,1,2,1,57,0,0,0,0,0,0
687d6990a090b56714dc2d45160f2770,,785,2,0,2,3,1,34,0,0,0,0,0,0
cdfa7edfdde22df95c4872e946865b8f,,3198,1,0,1,2,1,122,0,0,0,0,0,0
a77d3986e254202d345d504cf50c1593,,1058,5,0,5,6,1,42,0,0,0,0,0,0
639cdf9c5a3f7bb32fe2c924f9ed43c8,,1502,2,0,2,3,1,82,0,0,0,0,0,0
thesantatitan_deepseek-svg-dataset_0004039,,14260,2,0,2,3,1,385,0,0,0,0,0,0
bb49941826f148b8df0fc8ccffc8ed31,,1428,1,0,1,2,1,66,0,0,0,0,0,0
ea729a2f4580947d41485f3775bd5707,,848,1,0,1,2,1,39,0,0,0,0,0,0
e33ef0e67b141c3ca4c25fd009081b9f,,582,1,0,1,2,1,19,0,0,0,0,0,0
39ae60955e6b585fc27304e970ce565e,,994,1,0,1,2,1,46,0,0,0,0,0,0
6afe00f782bd17861b66844966a4f5b7,,11925,2,0,2,3,1,386,0,0,0,0,0,0
ca98032e0ec54cff276b43ce2c8bcc96,,1351,1,0,1,2,1,68,0,0,0,0,0,0
f08f803eca6e2ccf56623f2b88111307,,592,1,0,1,2,1,27,0,0,0,0,0,0
a53ec4a5f72d175bcab07aa5d4ca0825,,936,1,0,1,2,1,67,0,0,0,0,0,0
01b96b3b48ebec80ad1c1fd978143edf,,562,1,0,1,2,1,34,0,0,0,0,0,0
a95fdba762ea7be4d915dd4d03f5b2f4,,557,1,0,1,2,1,24,0,0,0,0,0,0
86c7a83cb9e81bdf455a99e659137ef2,,674,1,0,1,2,1,25,0,0,0,0,0,0
b41d7e3e022e43081f5192ee07f4d4f7,,556,1,0,1,2,1,22,0,0,0,0,0,0
fa36047dea04e51d93fb31470871d5e9,,740,1,0,1,2,1,46,0,0,0,0,0,0
368f07a008f8a3e39b1497d2de618441,,1876,1,0,1,2,1,81,0,0,0,0,0,0
c40d4f88519b6bb02fe8fca55bab9fa3,,1055,2,0,2,3,1,35,0,0,0,0,0,0
ae0d69831dfeb9bb21e44699e9483e11,,322,1,0,1,2,1,14,0,0,0,0,0,0
5bc26faa106b61de6c697d8389b2494c,,910,3,0,3,4,1,31,0,0,0,0,0,0
thesantatitan_deepseek-svg-dataset_0003317,,13946,2,0,2,3,1,388,0,0,0,0,0,0
5a89b390d26eb0c79fa762f9bb6e0ea2,,560,1,0,1,2,1,20,0,0,0,0,0,0
1bdce14177d6c7d19c56eb84d7d8de03,,1218,2,0,2,3,1,41,0,0,0,0,0,0
869fc1019e4860633ff8ce833e1f44ef,,394,1,0,1,2,1,20,0,0,0,0,0,0
e4dfae5a4b965b6aa85f8653c7cfb9e4,,1143,2,0,2,3,1,47,0,0,0,0,0,0
4e2cb420fbaff506b56aff612a1ea247,,1757,1,0,1,2,1,72,0,0,0,0,0,0
bb6a320a-f1b2-4bf9-aa51-67e34dcbd214,,13632,2,0,2,3,1,383,0,0,0,0,0,0
15ec41d43f41853fab819a5c5844b8ac,,560,2,0,2,3,1,19,0,0,0,0,0,0
4bab6c8a-3ef9-4e83-913c-42967c7e50d0,,883,1,0,1,2,1,57,0,0,0,0,0,0
cbfcd190d8a34707569179ac050afc08,,746,1,0,1,2,1,30,0,0,0,0,0,0
f842bfcb04d3fbddcdf9f2a18e6fd61e,,457,1,0,1,2,1,27,0,0,0,0,0,0
2959a4147b65342b54cc5537cad9104a,,940,2,0,2,3,1,36,0,0,0,0,0,0
795d07ed95526c906b164488ac16409e,,1527,2,0,2,3,1,47,0,0,0,0,0,0
796221887d9b5a55ed27a7b445ca93da,,11836,1,0,1,2,1,420,0,0,0,0,0,0
f012d7256a7942d77f2f733d47b3c609,,1176,2,0,2,3,1,55,0,0,0,0,0,0
dea8c91b333fef2d0cad705d4556cbb0,,1124,1,0,1,2,1,43,0,0,0,0,0,0
decc4c13cc2aa6760c8870b9a04d6a42,,928,1,0,1,2,1,41,0,0,0,0,0,0
3f480073f77d15df0d59993b573832c7,,882,4,0,4,5,1,33,0,0,0,0,0,0
e347d66285704a472274748785b2ce9d,,1284,1,0,1,2,1,70,0,0,0,0,0,0
f56f5527-6b18-40ba-be43-310c034c0450,,914,3,0,3,4,1,32,0,0,0,0,0,0
73f19b688a39c0cdf6157fb4e2c4537e,,1831,1,0,1,2,1,152,0,0,0,0,0,0
3cf1e548ac96efa8a849c2e30c09c2c9,,1720,2,0,2,3,1,65,0,0,0,0,0,0
d584789a90321b0e5b02f5b57b783d22,,850,2,0,2,3,1,35,0,0,0,0,0,0
4a2c2e6b0d883c43b80d1b8c00c9d143,,456,2,0,2,3,1,14,0,0,0,0,0,0
7b09ab57cfb607da982fb06b6ba08ccb,,3106,4,0,4,5,1,179,0,0,0,0,0,0
3c1afdf835e6b629d14ee7c0e78760e0,,489,1,0,1,2,1,22,0,0,0,0,0,0
6bc68236fcd5a5301ae4c596734549c9,,875,1,0,1,2,1,28,0,0,0,0,0,0
b3dcd64a4e0748e091af2990909be3aa,,847,4,0,4,5,1,35,0,0,0,0,0,0
thesantatitan_deepseek-svg-dataset_0000533,,9332,27,0,27,28,1,394,0,0,0,0,0,0
3ac2c9ed08f0f1b85f95bfba0e84da08,,688,1,0,1,2,1,46,0,0,0,0,0,0
a0df842d-d482-4917-94f0-25b885c1c3ec,,1222,4,0,4,5,1,52,0,0,0,0,0,0
9a9563a6-a25f-4d01-8bc7-8da0cf5f5e45,,10297,4,0,4,5,1,725,0,0,0,0,0,0
b17139fd16d7ace872ea8110329ecf21,,796,1,0,1,2,1,35,0,0,0,0,0,0
0de7149e99b56fde10e47d1c29a032ba,,1197,1,0,1,2,1,44,0,0,0,0,0,0
84225196-e3a2-4789-873c-6009be8dd608,,840,1,0,1,2,1,32,0,0,0,0,0,0
d966537c-46ae-4e34-8347-b0b273743187,,1152,1,0,1,2,1,69,0,0,0,0,0,0
5a17ad6464e07133da8992dd3c52488b,,9464,2,0,2,3,1,752,0,0,0,0,0,0
9255034c-9ca4-49a3-969f-aa56573be0b2,,1927,1,0,1,2,1,68,0,0,0,0,0,0
22d04b3be8c872703266802c919a57b2,,510,1,0,1,2,1,25,0,0,0,0,0,0
566f44c1afbe084f8665c31b1396728d,,1044,4,0,4,5,1,48,0,0,0,0,0,0
1ffcf29fc54313c8b4e75e9072b651c8,,422,1,0,1,2,1,22,0,0,0,0,0,0
11b43007370a4744a79048f67b5c90a4,,1378,3,0,3,4,1,56,0,0,0,0,0,0
a18b36b0fa714d7f34575a027d1bc693,,505,1,0,1,2,1,23,0,0,0,0,0,0
37e8022f-243f-40f8-89f7-c5c056083469,,2913,5,0,5,6,1,226,0,0,0,0,0,0
thesantatitan_deepseek-svg-dataset_0001179,,12873,1,0,1,2,1,385,0,0,0,0,0,0
fd8b4b17bf2a56a32144b1e3fd080dc4,,1792,1,0,1,2,1,59,0,0,0,0,0,0
a9f87cd9445715e6b87fbe34c18a0fcf,,1282,2,0,2,3,1,66,0,0,0,0,0,0
34c190727cce6d1ea6d41e76ec560860,,1761,3,0,3,4,1,75,0,0,0,0,0,0
d5831d22106a0c672f06cc95e6fc3184,,805,1,0,1,2,1,33,0,0,0,0,0,0
a4022c2822c93ed88e60f70ec8f877cb,,620,2,0,2,3,1,27,0,0,0,0,0,0
eac44be984595232d314038a2de321ab,,1211,5,0,5,6,1,37,0,0,0,0,0,0
db53c8c82b81efca578d46ffb9ddf1ff,,666,1,0,1,2,1,27,0,0,0,0,0,0
605476208ee5690024db67bb3db70285,,1334,2,0,2,3,1,47,0,0,0,0,0,0
b4f79e0b2f72c1e7b9f8c4956be5a1f6,,801,1,0,1,2,1,43,0,0,0,0,0,0
a198f33e-3ec4-4932-8a5e-8266f5ef9ee1,,12979,4,0,4,5,1,379,0,0,0,0,0,0
thesantatitan_deepseek-svg-dataset_0002990,,12427,2,0,2,3,1,389,0,0,0,0,0,0
4683d181d4956eae836923f39c1a8246,,1638,2,0,2,3,1,69,0,0,0,0,0,0
0139c8b5480769aed9b19064eacfa406,,840,1,0,1,2,1,63,0,0,0,0,0,0
ce8ac939a28821660b25d8e82a4e040c,,562,3,0,3,4,1,15,0,0,0,0,0,0
b185f9e6f195059e509da7cdd413babb,,9880,1,0,1,2,1,737,0,0,0,0,0,0
abaca1bd-1bb3-4dec-9316-76cd5bbcb07e,,1019,1,0,1,2,1,48,0,0,0,0,0,0
973b240f0cb9d52940206c72b8acef67,,772,1,0,1,2,1,27,0,0,0,0,0,0
616da53d0b6c10cb4b9658b6cf8f04c1,,802,1,0,1,2,1,36,0,0,0,0,0,0
2ecac2a7259aa42b1f34ae1ca7a84304,,1771,3,0,3,4,1,69,0,0,0,0,0,0
9a0c9dc7-ff3e-45df-9040-01ea6572ab3c,,1091,1,0,1,2,1,53,0,0,0,0,0,0
8c32b0cc5f5d6cc5237154f5aefdad3a,,12041,3,0,3,4,1,402,0,0,0,0,0,0
e9e06f483926aa9173f47efdff47bdfd,,1209,2,0,2,3,1,49,0,0,0,0,0,0
be0626beefd28e1e0dac6a99dfbc4654,,1024,1,0,1,2,1,74,0,0,0,0,0,0
ddeb75ae62bcf0b9d4020fed43425249,,11723,2,0,2,3,1,460,0,0,0,0,0,0
33712ead-2ffa-41ac-8b3c-450418e64526,,9443,2,0,2,3,1,750,0,0,0,0,0,0
f589c2b36017997b6cf8fec88a1b0210,,738,1,0,1,2,1,47,0,0,0,0,0,0
c321f45ec36cd318121742cf86b4bbe3,,3703,6,0,6,7,1,123,0,0,0,0,0,0
3c4fae8973f3201cc56bf021d6c28a05,,553,2,0,2,3,1,24,0,0,0,0,0,0
c8ecb42b67d98b80728ae0800580c7f5,,412,1,0,1,2,1,21,0,0,0,0,0,0
6eca3b2c4fa89b8a75aae63e1e99d965,,1504,7,0,7,8,1,57,0,0,0,0,0,0
4a4873e4c365c59b08392cb0a3e4a5a2,,664,1,0,1,2,1,28,0,0,0,0,0,0
403dd46dcbadef8e7a82aabda5c0d5ce,,269,1,0,1,2,1,9,0,0,0,0,0,0
14e2bada9947c9771638f4c8de86a362,,1860,4,0,4,5,1,78,0,0,0,0,0,0
2e7630a66e4c461b4ba8832fb2c9eb05,,1837,9,0,9,10,1,69,0,0,0,0,0,0
037dde66e5c63733fa3d155d56e83a2e,,655,1,0,1,2,1,26,0,0,0,0,0,0
ebdf859d921b2cfdcb73d16f47016fcb,,955,1,0,1,2,1,43,0,0,0,0,0,0
ac4acd9150326a0101068a3d40828e80,,912,2,0,2,3,1,38,0,0,0,0,0,0
555907014c744d478184abd3c533833c,,1356,1,0,1,2,1,82,0,0,0,0,0,0
810635cb0eb01e92368295951f7829bf,,138,0,1,1,2,1,0,0,0,0,0,0,0
b3d2b3de67376420e0ce0999630c1b06,,835,1,0,1,2,1,32,0,0,0,0,0,0
3c45ef17a1f899dcd6bc21f857abedb6,,9377,1,0,1,2,1,389,0,0,0,0,0,0
3755d5181136c358d28f77501efc697b,,868,1,0,1,2,1,35,0,0,0,0,0,0
622391934b16f56fc5432d4257fe5f6b,,1254,1,0,1,2,1,48,0,0,0,0,0,0
774b94e6b5203b32b92364d81d1c0cc6,,1466,3,0,3,4,1,50,0,0,0,0,0,0
0fffa7b61a4c17c2e20b1f46eda9b7b6,,793,1,0,1,2,1,58,0,0,0,0,0,0
5006c58a2f008edfd4bfe6139810547d,,1666,2,0,2,3,1,54,0,0,0,0,0,0
fa49d1a6aab69014a23585aef9b4c490,,527,3,0,3,4,1,21,0,0,0,0,0,0
02f8d0703df269ab1f6b2b721f61eb40,,577,1,0,1,2,1,22,0,0,0,0,0,0
2ef2753d777c31bf5331ef7691a51c03,,304,1,0,1,2,1,12,0,0,0,0,0,0
e9d61a4aae58d3751999c104886c311f,,13833,3,0,3,4,1,384,0,0,0,0,0,0
da41b54baffda55195a4903087a9c0a5,,554,2,0,2,3,1,17,0,0,0,0,0,0
f4db9007ce8675094d29cbf5cbed692a,,842,1,0,1,2,1,31,0,0,0,0,0,0
374605817a610078144d145016357fd1,,1598,3,0,3,4,1,95,0,0,0,0,0,0
3fddc9a0-5fcf-48ea-908d-8c87851d6407,,1080,1,0,1,2,1,71,0,0,0,0,0,0
b40657d55b72089f8017320972579a23,,482,1,0,1,2,1,16,0,0,0,0,0,0
d5fecb02676b57a58c8ecba2188f15c3,,511,1,0,1,2,1,23,0,0,0,0,0,0
ffe0160c-355c-4abc-917a-9f8aa2df5f0e,,2381,3,0,3,4,1,152,0,0,0,0,0,0
dec247574ae1fceb82580da0c2636b78,,3445,11,0,11,12,1,130,0,0,0,0,0,0
1bf0a4fd8b529954a7c4b755f5592e39,,2281,1,0,1,2,1,88,0,0,0,0,0,0
71229e9fb7139eaf508760275eacdeb2,,518,1,0,1,2,1,30,0,0,0,0,0,0
a1a9ed9f8e8ba3a5f7a3c3bba3052769,,534,2,0,2,3,1,28,0,0,0,0,0,0
5cbc0b2b-a5b2-4f77-97bd-ba8c6d4ec74c,,8204,2,0,2,3,1,264,0,0,0,0,0,0
ff1d3c30bedd80ff49645734fb3f0579,,1256,2,0,2,3,1,44,0,0,0,0,0,0
c4890de3e15f42c2f51407fdbee9c65b,,1487,1,0,1,2,1,79,0,0,0,0,0,0
b3bc18737e09298638058fc0e73edfe6,,825,1,0,1,2,1,56,0,0,0,0,0,0
b58139c55d43e791697567363c8a4460,,2480,3,0,3,4,1,116,0,0,0,0,0,0
1b91a87ceb02be159be9c622186fccb6,,752,1,0,1,2,1,29,0,0,0,0,0,0
533830e799427ac90462e7bd2b8ccd83,,722,1,0,1,2,1,31,0,0,0,0,0,0
5d3523ac267ea453f2dee29b27742600,,2834,15,0,15,16,1,96,0,0,0,0,0,0
6581c6cfae44dfbd3ebf4c2ff86fb790,,620,1,0,1,2,1,24,0,0,0,0,0,0
ea93e12ab3ba63800e57b92baacf3b89,,1080,3,0,3,4,1,50,0,0,0,0,0,0
ecc57ddb50404c8ca7b0ab8755108c12,,1181,1,0,1,2,1,48,0,0,0,0,0,0
7aee9393-5a81-45ec-8865-e5f1ca18cbae,,637,1,0,1,2,1,25,0,0,0,0,0,0
423c3b02fb71e0cdeba220b5e5ceeb72,,9100,2,0,2,3,1,405,0,0,0,0,0,0
ed3be894-4384-47ff-9e48-9e38d4943630,,1520,10,0,10,11,1,69,0,0,0,0,0,0
0c87d84034ba5da6a50123b4dc98289b,,837,1,0,1,2,1,29,0,0,0,0,0,0
428732138d7c2b3af31515432bb3facc,,735,1,0,1,2,1,34,0,0,0,0,0,0
bc765aee-0c85-4e1b-8e79-ca876ffc8c57,,13963,3,0,3,4,1,387,0,0,0,0,0,0
2b0ce303-8182-4b7f-90f1-379a2a350c41,,1944,1,0,1,2,1,111,0,0,0,0,0,0
132c4b91b99af7734d0a1d8a796c8990,,781,1,0,1,2,1,36,0,0,0,0,0,0
bb7dc129-a948-494c-960e-8a6728b3bac0,,1363,1,0,1,2,1,54,0,0,0,0,0,0
14d9bf25fcbd9c1b7ef43d6c3ddfe5eb,,937,1,0,1,2,1,42,0,0,0,0,0,0
thesantatitan_deepseek-svg-dataset_0004735,,14001,3,0,3,4,1,381,0,0,0,0,0,0
9080bb03-1946-4d44-9f51-b7c1a6120940,,2002,3,0,3,4,1,92,0,0,0,0,0,0
649540a8fd20684a9d4bda3b637a0f03,,248,1,0,1,2,1,7,0,0,0,0,0,0
38f0152a-a6e2-4e37-9095-34e8000ed74d,,12893,2,0,2,3,1,411,0,0,0,0,0,0
7dd1b6b7383bc19f38cb73a81dce5f14,,761,1,0,1,2,1,45,0,0,0,0,0,0
thesantatitan_deepseek-svg-dataset_0002188,,13128,2,0,2,3,1,385,0,0,0,0,0,0
2edfc92eb5e00ba4e6d1f3d6d55bf7db,,1962,6,0,6,7,1,76,0,0,0,0,0,0
f496d4356a37d545c2903fa36e493284,,14188,1,0,1,2,1,383,0,0,0,0,0,0
38b176737aaa3d129ece7d30211388ca,,970,2,0,2,3,1,43,0,0,0,0,0,0
thesantatitan_deepseek-svg-dataset_0002535,,11996,2,0,2,3,1,385,0,0,0,0,0,0
8f6a8b2945e5f442f4aeaa8b3345b350,,959,1,0,1,2,1,40,0,0,0,0,0,0
b7915534de58d3a9d1ba0129d36a52cd,,1139,5,0,5,6,1,38,0,0,0,0,0,0
10054d5e97923c31d3f090a7be76cfec,,13045,4,0,4,5,1,383,0,0,0,0,0,0
060d74da90afa9b3f8f14237c83d1970,,321,1,0,1,2,1,11,0,0,0,0,0,0
d33e9257f3f4d1374dcda52d920d65d1,,6286,6,0,6,7,1,512,0,0,0,0,0,0
28c00a3a8e0e7c38d848fdb6a90a0933,,541,1,0,1,2,1,19,0,0,0,0,0,0
694eec9473b383b64843412844164b9a,,10180,4,0,4,5,1,731,0,0,0,0,0,0
07388aecbe3020febb41744d568c32e5,,1673,3,0,3,4,1,59,0,0,0,0,0,0
c8de301d35c53d0e72df6ae56edde621,,8516,5,0,5,6,1,365,0,0,0,0,0,0
efa84cbc19adddf53f8fded9de39185c,,3193,1,0,1,2,1,112,0,0,0,0,0,0
4ceb2de56b8a4a667bab0cbe761d1dbc,,831,1,0,1,2,1,42,0,0,0,0,0,0
08622d6ae1ffc2c7945fb76c5ee21b2c,,13055,1,0,1,2,1,383,0,0,0,0,0,0
fc6850e28ca47e7c4620a0a810b0a33f,,410,1,0,1,2,1,22,0,0,0,0,0,0
4ffbff366fc8a0973cfe6f31d034bbff,,591,1,0,1,2,1,42,0,0,0,0,0,0
49484c41779a745a90c961b0ed141a99,,729,3,0,3,4,1,41,0,0,0,0,0,0
305ead77-a8ba-4258-9a52-388ab6b33bfd,,527,1,0,1,2,1,16,0,0,0,0,0,0
0b846be714c0cb5d1d68af1ad1c5b4cf,,1068,3,0,3,4,1,68,0,0,0,0,0,0
0444cb0e-f24d-49ea-b958-61c50002b7f8,,5535,9,0,9,10,1,349,0,0,0,0,0,0
8dd45f18ee9d2a7d1e7b16fce184e99b,,1125,1,0,1,2,1,41,0,0,0,0,0,0
97807803c0b98a7c0204b3d651b01215,,709,1,0,1,2,1,33,0,0,0,0,0,0
8af3927f4b61dd96b13296860a9d079d,,725,1,0,1,2,1,29,0,0,0,0,0,0
ee959eba320678966980b5266489ed0f,,1045,2,0,2,3,1,35,0,0,0,0,0,0
749dbb938050d35c5fcdf4f9d378d8a3,,1849,6,0,6,7,1,72,0,0,0,0,0,0
12ef9d71b62d5ed7808cbde91910a258,,509,1,0,1,2,1,23,0,0,0,0,0,0
712fb5ad9547a2a859eed9fc42f1cf8d,,415,1,0,1,2,1,22,0,0,0,0,0,0
cee975d169c6ff0d78bb5572b404ccf6,,504,2,0,2,3,1,17,0,0,0,0,0,0
d907bc994c744afd038f7bdd8e1b6cc1,,2196,4,0,4,5,1,87,0,0,0,0,0,0
b4b86740ca1f1b94f64e12a31805941a,,593,1,0,1,2,1,28,0,0,0,0,0,0
a4505046b1476f0c056dd2a5f2d50e5f,,684,1,0,1,2,1,23,0,0,0,0,0,0
d6d1dee2a2fde7b349762e48c63b6c07,,9166,1,0,1,2,1,717,0,0,0,0,0,0
thesantatitan_deepseek-svg-dataset_0000669,,1967,5,0,5,6,1,96,0,0,0,0,0,0
8b9186dca63a14a1480c50ae3001b884,,1465,2,0,2,3,1,54,0,0,0,0,0,0
0d023a70ccb244ddb37957856d357020,,754,2,0,2,3,1,29,0,0,0,0,0,0
5d08388622a8416c9f124edb303655ab,,9286,1,0,1,2,1,746,0,0,0,0,0,0
77d1b3e5aafa26213a17a50e348a2a14,,523,1,0,1,2,1,20,0,0,0,0,0,0
480304d1813794757ea03b689a26e3c6,,432,1,0,1,2,1,18,0,0,0,0,0,0
3c89ac21-2c9c-4285-993e-bb2ed4f4132d,,2823,7,0,7,8,1,111,0,0,0,0,0,0
211ac579-e807-43a9-89a3-f8126433ed69,,1687,4,0,4,5,1,56,0,0,0,0,0,0
60372742fd10015e9215dca9917f651b,,701,2,0,2,3,1,25,0,0,0,0,0,0
b75b5b813208c3575eae23e7f8441c9c,,1665,1,0,1,2,1,79,0,0,0,0,0,0
21710155389cd47c795b518a3b0b8de5,,757,1,0,1,2,1,30,0,0,0,0,0,0
d7b5a8761701fde714108908b207ffc9,,385,1,0,1,2,1,18,0,0,0,0,0,0
402dd1d6c8a1a3c341dc453dead18b97,,9702,2,0,2,3,1,687,0,0,0,0,0,0
e8aee3776894d20b70727aa265e3c8b6,,1166,3,0,3,4,1,40,0,0,0,0,0,0
b068c6bc0dab328b6027ccd02d03b174,,1961,1,0,1,2,1,63,0,0,0,0,0,0
d960f5de-3ab1-41a3-8db1-853e895889ec,,795,2,0,2,3,1,28,0,0,0,0,0,0
22df98911f5c5a5eabc508e739730daf,,1338,3,0,3,4,1,50,0,0,0,0,0,0
9ca610ffc3aa94ee90b8fad40f39f2ce,,339,1,0,1,2,1,15,0,0,0,0,0,0
6cafe414afbff1122a96ac8f0a9ce893,,624,1,0,1,2,1,40,0,0,0,0,0,0
8e1fadf0ca78b939adfb003d4e011a0e,,757,2,0,2,3,1,32,0,0,0,0,0,0
ab976da55b074a76089bd31cf654dc11,,13910,2,0,2,3,1,386,0,0,0,0,0,0
7d41f40dc025829b6c2c3f9370aa91ab,,9152,1,0,1,2,1,765,0,0,0,0,0,0
ec89d045d7ac2c5bba7e3a7b7f2ecfe3,,1240,1,0,1,2,1,60,0,0,0,0,0,0
68e2e535-32c9-48fd-a9f6-9c4b2c411e58,,1539,2,0,2,3,1,61,0,0,0,0,0,0
8c7c71f2fa98547406cb8e566921b0f0,,606,1,0,1,2,1,21,0,0,0,0,0,0
61b523b078eb8c534f9f61b1a98b3c59,,703,1,0,1,2,1,40,0,0,0,0,0,0
25ed85dba28ae2d20a0d38f681d5a613,,1470,1,0,1,2,1,77,0,0,0,0,0,0
2e096cabf70630aa429df802aadee781,,631,3,0,3,4,1,29,0,0,0,0,0,0
233eefc40f52085d4f6005f113561a01,,865,1,0,1,2,1,34,0,0,0,0,0,0
d47c83db86be1d46ff99cbff54fc0db9,,896,1,0,1,2,1,31,0,0,0,0,0,0
thesantatitan_deepseek-svg-dataset_0003106,,11135,1,0,1,2,1,613,0,0,0,0,0,0
a8a0ac74fb0e26c88d053271946e75f5,,9481,2,0,2,3,1,708,0,0,0,0,0,0
6ac4b137-01f0-42d6-b8c0-95de2b9dd062,,1706,3,0,3,4,1,77,0,0,0,0,0,0
thesantatitan_deepseek-svg-dataset_0001432,,13157,2,0,2,3,1,383,0,0,0,0,0,0
72621a2124e5b0f27cab11a405fbd9d0,,904,2,0,2,3,1,63,0,0,0,0,0,0
3d5d85ea2a76724290395124ef144432,,743,2,0,2,3,1,23,0,0,0,0,0,0
08c13c16f4d8476b993b5784da3f12a3,,401,1,0,1,2,1,15,0,0,0,0,0,0
7b9efac1b032eb8136bc0f107f0fe6e6,,821,1,0,1,2,1,35,0,0,0,0,0,0
a802656c9b712d3db0d6beb1cb1714be,,744,1,0,1,2,1,39,0,0,0,0,0,0
349f7e64432849df0db439b6249505c2,,838,3,0,3,4,1,28,0,0,0,0,0,0
e578c171a54f34c07c5b55bba5d61300,,1151,4,0,4,5,1,35,0,0,0,0,0,0
da6187528883b34f87a786adfc557953,,953,2,0,2,3,1,55,0,0,0,0,0,0
b84924bd560d42becb4bde638d5a721f,,764,1,0,1,2,1,41,0,0,0,0,0,0
2391d53e06ffc3fb8fd335429b75ce9c,,933,2,0,2,3,1,36,0,0,0,0,0,0
1fb2fc7afab9adb52a5f1fb0daefa0fe,,3990,3,0,3,4,1,207,0,0,0,0,0,0
bd62059c6dddc7fc2566d415cdcf6b86,,641,1,0,1,2,1,26,0,0,0,0,0,0
53c93380b8d336542d7d4d4fdd7e3df0,,620,1,0,1,2,1,42,0,0,0,0,0,0
06dac9a2b00ae93b160a9fd33ff275f1,,316,1,0,1,2,1,8,0,0,0,0,0,0
7dc444501e5eae3d56e2166fd6dbfdba,,316,1,0,1,2,1,13,0,0,0,0,0,0
c9497e732d693769be0341de77468546,,10104,2,0,2,3,1,736,0,0,0,0,0,0
066676c0-8181-4092-a6c0-29c7ce8342d5,,1052,1,0,1,2,1,56,0,0,0,0,0,0
08c4fe4b67eb5bde0560c776797a0b30,,14270,2,0,2,3,1,383,0,0,0,0,0,0
aad6f0ae0528efb062bf9b084cf8fbbe,,1501,1,0,1,2,1,60,0,0,0,0,0,0
bd1c691a8b93a5902b8e608009409b26,,1083,2,0,2,3,1,48,0,0,0,0,0,0
68576ccc57bb97748fa1cbe13f37d971,,1231,1,0,1,2,1,42,0,0,0,0,0,0
d46706e4afd71b39bf6c7715fac7ce49,,2428,1,0,1,2,1,91,0,0,0,0,0,0
3712aaefea588dcfcbe2c40a038c9024,,4878,17,0,17,18,1,181,0,0,0,0,0,0
4c16131d4cc415d991a52a9bcfe32b8d,,2090,2,0,2,3,1,97,0,0,0,0,0,0
c673cfef632658ba00e3ce635f562901,,10993,5,0,5,6,1,437,0,0,0,0,0,0
26994bd1171078b92a9957f977eed87c,,1198,4,0,4,5,1,44,0,0,0,0,0,0
b964937ebec4f76d545638387655b38f,,1230,8,0,8,9,1,56,0,0,0,0,0,0
3aeea789ed0e181f35968bafa8dded49,,597,1,0,1,2,1,22,0,0,0,0,0,0
c499d6062b8a598d6b5838d4792d7a41,,1291,2,0,2,3,1,49,0,0,0,0,0,0
e7fa87cc7182de4add86460c905587df,,681,1,0,1,2,1,43,0,0,0,0,0,0
8f4cfa5a-fb08-4eb1-aea3-e3601a18be4f,,604,1,0,1,2,1,25,0,0,0,0,0,0
012864599f873514017c173770026982,,1646,1,0,1,2,1,81,0,0,0,0,0,0
beed40817d966fca026c732b444c508e,,646,4,0,4,5,1,28,0,0,0,0,0,0
487f11a6f680d71ed8e1a90cf6e3e943,,937,1,0,1,2,1,50,0,0,0,0,0,0
thesantatitan_deepseek-svg-dataset_0004275,,12944,1,0,1,2,1,386,0,0,0,0,0,0
15816e0ecf760d38536ed9d1c1043ea8,,542,2,0,2,3,1,19,0,0,0,0,0,0
4155430a-4529-49e0-aff0-19bc632a770a,,3121,1,0,1,2,1,257,0,0,0,0,0,0
25b3fc6e871febfd8a5aabf7dd75f3ea,,3208,13,0,13,14,1,131,0,0,0,0,0,0
b3c9803cc62fa3a5074a40332ed1914b,,14209,2,0,2,3,1,383,0,0,0,0,0,0
4b3c3ff3dcac0299c4c7c83307487357,,769,2,0,2,3,1,33,0,0,0,0,0,0
20986efd4f1d0ec5b9b56785d47d965e,,631,1,0,1,2,1,32,0,0,0,0,0,0
2851c25b3ceb6e15363bd1e8e6b0b8e8,,6564,1,0,1,2,1,369,0,0,0,0,0,0
bf12a0c8-379b-4661-af84-94a26b15a80e,,1845,2,0,2,3,1,99,0,0,0,0,0,0
93bac8b8e5cfb84cfd53f337293f9775,,1367,3,0,3,4,1,42,0,0,0,0,0,0
ce54df39bd2cc3f034d0e9ad37b57e54,,873,1,0,1,2,1,35,0,0,0,0,0,0
363d477f8036ac66e42ead865d12c9e8,,895,2,0,2,3,1,23,0,0,0,0,0,0
afda3458e088c1f3d2bf6ade3d448fa6,,1023,1,0,1,2,1,38,0,0,0,0,0,0
f79a5b0b-ca8a-492f-9edd-4c09fe80ad34,,11805,2,0,2,3,1,394,0,0,0,0,0,0
eeb810ad1f6d55ae95bd61cb3cf9d54b,,1776,4,0,4,5,1,71,0,0,0,0,0,0
9eff1981af2d3adfdfa60004557b43a4,,243,1,0,1,2,1,7,0,0,0,0,0,0
30d5bc926cf885da954cfe2ed9bca5e0,,13083,1,0,1,2,1,381,0,0,0,0,0,0
87fc9ad6d0953f556f3f0d36a9e6abee,,725,3,0,3,4,1,25,0,0,0,0,0,0
068efa43794f885e51025d7fd682f50e,,246,1,0,1,2,1,7,0,0,0,0,0,0
fe163c205f88c88bd83c9eeefb5cf5f7,,668,1,0,1,2,1,20,0,0,0,0,0,0
592e346300a900eac1eb0fa0b32ae657,,995,2,0,2,3,1,43,0,0,0,0,0,0
1cb3f7c5409a7bc41be0c8192a60cb97,,606,1,0,1,2,1,31,0,0,0,0,0,0
afe06d3bbc251bbd6aaeb0ebedf1191c,,246,1,0,1,2,1,7,0,0,0,0,0,0
992e35eb052c94802ca82064711a49c9,,528,1,0,1,2,1,26,0,0,0,0,0,0
24b34f9251b33158b5fbb94a430cedaf,,919,3,0,3,4,1,37,0,0,0,0,0,0
f5195281cbde1f30eb5a15aa0fd70bbe,,613,1,0,1,2,1,26,0,0,0,0,0,0
af1e68518f76d8d893cd2eee9415c11d,,2740,1,0,1,2,1,133,0,0,0,0,0,0
3966e08c3d5f49f093bcf2c55a03afa0,,569,2,0,2,3,1,31,0,0,0,0,0,0
thesantatitan_deepseek-svg-dataset_0000625,,13886,2,0,2,3,1,384,0,0,0,0,0,0
0c4c70a3672a69359fc35986cec3a40e,,1245,1,0,1,2,1,51,0,0,0,0,0,0
c34bc238145cb0dcdd1ec8101ec219e0,,1913,2,0,2,3,1,76,0,0,0,0,0,0
a76155e15411f7f5fd94bc02a4ab6941,,246,1,0,1,2,1,7,0,0,0,0,0,0
ac2b7fa7392fe4da83562436461a28ca,,1669,1,0,1,2,1,67,0,0,0,0,0,0
65f76990299ca74cd6deef0395202bbb,,758,3,0,3,4,1,28,0,0,0,0,0,0
5a414dc713e9d2967474bb9394789712,,138,0,1,1,2,1,0,0,0,0,0,0,0
f964d85da109fe4774a76a7b5acce9d5,,3124,12,0,12,13,1,128,0,0,0,0,0,0
2559b460433538b805da78a4248053c4,,784,2,0,2,3,1,37,0,0,0,0,0,0
6171431e6fd4be7aec781fe6f86a7260,,1450,4,0,4,5,1,63,0,0,0,0,0,0
dc9937b7f8ac24ae5cfeb6292e174339,,1349,3,0,3,4,1,62,0,0,0,0,0,0
09ffc9113cc361c62d1093d82385ccc9,,13089,1,0,1,2,1,386,0,0,0,0,0,0
7794bf395f0e23235313e6f6b64824b8,,896,2,0,2,3,1,28,0,0,0,0,0,0
66065b7a-be96-4ad5-8d3e-2510c38e9312,,2173,1,0,1,2,1,102,0,0,0,0,0,0
bb383be6-efd5-4266-858d-26dd6e01382e,,4077,1,0,1,2,1,215,0,0,0,0,0,0
81aca13a-c934-4433-a8f9-847b9ab81581,,689,1,0,1,2,1,34,0,0,0,0,0,0
0bdead1c59587f304730dc559bd0077d,,2877,8,0,8,9,1,127,0,0,0,0,0,0
cd1983cf12ee2015f55b6234a90ca5aa,,1596,1,0,1,2,1,76,0,0,0,0,0,0
c03c6485-765b-4c86-9bfd-4428fb1ef0b5,,10701,53,0,53,54,1,472,0,0,0,0,0,0
00dc7f04-c2ce-441b-8ebf-431d6d23eaec,,1126,1,0,1,2,1,47,0,0,0,0,0,0
2707ad13f72707b60f69c3811701c1b5,,2351,3,0,3,4,1,96,0,0,0,0,0,0
fcbd3dd0f3205055864a080f786642fe,,4406,2,0,2,3,1,143,0,0,0,0,0,0
1b345ad059582af46300c46bb39ebd70,,379,1,0,1,2,1,21,0,0,0,0,0,0
6d950c48fe42ed6b32b64f641d4d0f40,,570,1,0,1,2,1,26,0,0,0,0,0,0
6a6ca488-0ca7-43e0-be5e-3a4bd9d0950c,,808,1,0,1,2,1,40,0,0,0,0,0,0
57d5c6abde8998c16c29acd67057160a,,449,1,0,1,2,1,28,0,0,0,0,0,0
f98e788a-cb5b-4f6d-a42f-88f10527d4f1,,614,2,0,2,3,1,24,0,0,0,0,0,0
ab70b374f4f09f6f3702b0c6484597e5,,1272,4,0,4,5,1,45,0,0,0,0,0,0
e4356d8c-b193-4988-8af7-46dbfa0b3906,,8667,1,0,1,2,1,667,0,0,0,0,0,0
3aced3ceb1f4f809cc7362157856a47e,,787,1,0,1,2,1,42,0,0,0,0,0,0
92ed8fec183f86a232b1a1bad759b94a,,1097,1,0,1,2,1,37,0,0,0,0,0,0
bf5739d50c3812db213e09c84aa7bece,,793,1,0,1,2,1,52,0,0,0,0,0,0
c6a4b8f080508bd24a33f1473686429b,,869,1,0,1,2,1,36,0,0,0,0,0,0
8972c992608f4a9abf73a5836aad48a7,,1011,2,0,2,3,1,45,0,0,0,0,0,0
f11f5c89bd20cd96350feee81112a947,,598,2,0,2,3,1,34,0,0,0,0,0,0
28ebcd68a26c4a5c3627e0b387634a06,,721,1,0,1,2,1,25,0,0,0,0,0,0
92bc76fd445cfb23162ecfb03f75c2a5,,1234,6,0,6,7,1,42,0,0,0,0,0,0
b8039c02aeb5b7800f5ab6147c25d8da,,1056,1,0,1,2,1,72,0,0,0,0,0,0
9c3614fc9c9de9db37b36b286e46921e,,474,2,0,2,3,1,21,0,0,0,0,0,0
f3474be9579d8beda72d1541de40a444,,2911,3,0,3,4,1,133,0,0,0,0,0,0
a5d6d0951bccfe94265019f1b8c5ef39,,11759,2,0,2,3,1,383,0,0,0,0,0,0
9f0782e6-9bf0-4211-9aad-0c6cd8714ac5,,1177,2,0,2,3,1,51,0,0,0,0,0,0
14187d6297456d67ab32a78e4c8fcdf8,,717,1,0,1,2,1,40,0,0,0,0,0,0
819ecc751368a711d824b10b1b727ea2,,761,2,0,2,3,1,30,0,0,0,0,0,0
6b6ad214135060900be917f659dccc26,,1221,2,0,2,3,1,44,0,0,0,0,0,0
4826a16f417e94a83afdbf7e22e5a0a9,,921,2,0,2,3,1,43,0,0,0,0,0,0
23f7fa2f-ebc0-49d2-9aa3-fd1542efba96,,623,3,0,3,4,1,21,0,0,0,0,0,0
89e6603077a4021a00b49ba81da4f642,,9607,2,0,2,3,1,713,0,0,0,0,0,0
69be32f9806b461e9e8b0af54791b968,,1499,1,0,1,2,1,95,0,0,0,0,0,0
45ec68713decbbbdc5d2da29f4a2e543,,1287,3,0,3,4,1,54,0,0,0,0,0,0
a65ab6b493eaec46d6a2a2a68c1be344,,9353,1,0,1,2,1,723,0,0,0,0,0,0
e62aec99bb4aa8dd5bcf99ce23e8a3c7,,2597,5,0,5,6,1,176,0,0,0,0,0,0
8f4d1acdfe3ae945e0d8048ad87bf299,,1027,2,0,2,3,1,41,0,0,0,0,0,0
a4aaa1dea134b7ad933bc58f45a8abd7,,1172,1,0,1,2,1,47,0,0,0,0,0,0
84cd7f9519a45bc7ae28c0fb77a6d54c,,993,1,0,1,2,1,51,0,0,0,0,0,0
5c7a342dd3688343a0e0962a2d7a74d0,,702,1,0,1,2,1,36,0,0,0,0,0,0
ef5081c497027006bd07735208bba911,,782,2,0,2,3,1,30,0,0,0,0,0,0
0989e2d303186dcb44ec3d718f0d1d04,,1025,4,0,4,5,1,37,0,0,0,0,0,0
245d2a9c92b73bbd58c9e4e97f91b72b,,1557,2,0,2,3,1,54,0,0,0,0,0,0
d091e6693343180a934c1509fc164aaf,,1072,2,0,2,3,1,56,0,0,0,0,0,0
3ede34cac54e503b8f9805cc75fcd0d0,,1405,4,0,4,5,1,66,0,0,0,0,0,0
thesantatitan_deepseek-svg-dataset_0002089,,12171,6,0,6,7,1,384,0,0,0,0,0,0
7e2b0cf65f4bea635397c5c06288ac5d,,1831,2,0,2,3,1,66,0,0,0,0,0,0
e7eab03a78edfdb3292458a0d110d5a7,,13980,1,0,1,2,1,383,0,0,0,0,0,0
419c943e98115a522ce8d0ceed72e058,,937,1,0,1,2,1,50,0,0,0,0,0,0
96d444b9e253870b0f9c681127a7a60c,,873,1,0,1,2,1,40,0,0,0,0,0,0
8c5f5dc69089a16823a430a679e0e1b6,,475,1,0,1,2,1,21,0,0,0,0,0,0
82bbbfbc5d7e8dcce562cb2f8ee1289e,,1098,3,0,3,4,1,36,0,0,0,0,0,0
f4d9e588ca3be28b2257c8bfea9d4f50,,7609,1,0,1,2,1,260,0,0,0,0,0,0
d949e65e28d18212f411b315efd37426,,4241,16,0,16,17,1,135,0,0,0,0,0,0
78b1ba881f33cdc22e61cafd7a1b20a4,,838,1,0,1,2,1,30,0,0,0,0,0,0
16233792e99370718b4d5da5b7c68332,,1624,1,0,1,2,1,76,0,0,0,0,0,0
ee182160475a006959dad8bb4d6d6fbd,,12471,3,0,3,4,1,387,0,0,0,0,0,0
bf5e875f-ff60-41ae-83f4-fa434d44eac8,,13123,2,0,2,3,1,385,0,0,0,0,0,0
22d7d3facdcbf22bb0dbf76407b98b4b,,10781,44,0,44,45,1,450,0,0,0,0,0,0
db82e3784a60c9c9f3db667cf53a7855,,549,1,0,1,2,1,20,0,0,0,0,0,0
b81e1ec1740a7b11cd4821adf6dbe19b,,1612,5,0,5,6,1,64,0,0,0,0,0,0
cb8f6e2a3e24a2e03181ab6fd360e0c1,,496,1,0,1,2,1,29,0,0,0,0,0,0
a1822f1e1e899bcaf1e5e3cecb02d7ca,,978,1,0,1,2,1,48,0,0,0,0,0,0
7f1a8304ece0d81fe025c385076708c3,,1324,5,0,5,6,1,50,0,0,0,0,0,0
8abac35e-2595-4967-9767-75547161362f,,1666,9,0,9,10,1,86,0,0,0,0,0,0
9b9d1f2e-4e3e-401d-ab83-e99ec38e9e10,,1527,3,0,3,4,1,109,0,0,0,0,0,0
f2d07302e18ae7d9776178dffceb271f,,648,1,0,1,2,1,19,0,0,0,0,0,0
db82a4a661507741ca0f6da7bdaee1c6,,6729,7,0,7,8,1,570,0,0,0,0,0,0
0d31244c36f30e28fe93b814641bc343,,889,2,0,2,3,1,36,0,0,0,0,0,0
32c32e232654d64a03ef21e65f62578f,,580,1,0,1,2,1,21,0,0,0,0,0,0
thesantatitan_deepseek-svg-dataset_0004060,,1105,3,0,3,4,1,45,0,0,0,0,0,0
thesantatitan_deepseek-svg-dataset_0000687,,7240,25,0,25,26,1,252,0,0,0,0,0,0
76cd9ce8bd8c824e3ef75f4d114114d1,,761,1,0,1,2,1,31,0,0,0,0,0,0
dd6c00e847681e312f0bddc999e60693,,3000,12,0,12,13,1,113,0,0,0,0,0,0
02b8f76167c80dec8201c5cb4f15d3c3,,1453,3,0,3,4,1,52,0,0,0,0,0,0
5b2c72f60d01bb99ae45460a3539acd3,,898,1,0,1,2,1,37,0,0,0,0,0,0
4d728b8028bde2a072dcf55f9830f137,,3072,5,0,5,6,1,137,0,0,0,0,0,0
beec5bc1456e6f7d7521aa7c5dcaa469,,12497,5,0,5,6,1,386,0,0,0,0,0,0
9cd0140cd4b2d2a32bf11812e2f7e238,,1106,1,0,1,2,1,45,0,0,0,0,0,0
c2b6cc5e1354c632e1f672d7eb30bc2e,,1514,1,0,1,2,1,62,0,0,0,0,0,0
3968b3d2665d692e689b25976462335b,,1492,4,0,4,5,1,45,0,0,0,0,0,0
12b37b7b73f422373d7548407bfcbe8f,,9034,1,0,1,2,1,722,0,0,0,0,0,0
09f2f0c8078e838e6d466dae721a98e7,,1384,1,0,1,2,1,81,0,0,0,0,0,0
90e00776-4d3e-4b89-9398-9480fcde7a3e,,1757,7,0,7,8,1,72,0,0,0,0,0,0
3dabbae64ac72c4159037593bfc10c52,,1878,7,0,7,8,1,77,0,0,0,0,0,0
36c10387fc114fd2117979d13f271868,,513,1,0,1,2,1,20,0,0,0,0,0,0
b7eca035720fbc892f7694fb868ef297,,912,1,0,1,2,1,38,0,0,0,0,0,0
4f82c239dd7865d70480fa760082e950,,10143,3,0,3,4,1,754,0,0,0,0,0,0
5161f5f9cb93e860ab0a5f3433e87fdd,,670,1,0,1,2,1,27,0,0,0,0,0,0
2fca18de72c4a9c9cf0ded8580faacd9,,2285,3,0,3,4,1,90,0,0,0,0,0,0
38f572d88d5ffd17a89013711afd22c9,,1159,2,0,2,3,1,47,0,0,0,0,0,0
42efbb57f659a5d2ba4a12960936f87f,,9871,7,0,7,8,1,737,0,0,0,0,0,0
0b79739fa4bcb122783788213c782721,,1612,6,0,6,7,1,65,0,0,0,0,0,0
5f083a92f86834d90e63e720f8951d02,,1298,3,0,3,4,1,42,0,0,0,0,0,0
190a66384392df4f5e812a5d0f2d4e96,,580,1,0,1,2,1,21,0,0,0,0,0,0
c8c93c790f4af02010dc5ae4b7977186,,2227,2,0,2,3,1,100,0,0,0,0,0,0
8d678bec7789b4f45a5937fd3569e327,,3478,6,0,6,7,1,125,0,0,0,0,0,0
c9515952342a43cf72b8a7727c194f03,,1252,1,0,1,2,1,53,0,0,0,0,0,0
a768d35479dada1dae71da76807f058f,,1461,2,0,2,3,1,47,0,0,0,0,0,0
023d5f817a9967267a3dba34251f98df,,2319,8,0,8,9,1,97,0,0,0,0,0,0
de9aefbc28b32b7996b92dda6ad0d460,,605,1,0,1,2,1,23,0,0,0,0,0,0
e9bb9c99188432d39681c16f3932baa8,,1062,4,0,4,5,1,44,0,0,0,0,0,0
d51db1cba1c46a0de571af7d65e6ac18,,893,1,0,1,2,1,40,0,0,0,0,0,0
c973d2ca1c58f013c507decae31a0c26,,2460,1,0,1,2,1,143,0,0,0,0,0,0
45486555-9f01-4a7e-8432-3734af76555c,,1450,1,0,1,2,1,99,0,0,0,0,0,0
93319c64-c2b3-4b7a-a210-e95e9831f06f,,586,1,0,1,2,1,25,0,0,0,0,0,0
1b36f0fd37021a1d271d1e655ab88e91,,537,2,0,2,3,1,22,0,0,0,0,0,0
e806d9f46ba842485ff904bfcd677b0e,,934,1,0,1,2,1,31,0,0,0,0,0,0
b373d88e7addf0b42a6edb3236b0e013,,1191,4,0,4,5,1,58,0,0,0,0,0,0
thesantatitan_deepseek-svg-dataset_0002725,,12273,4,0,4,5,1,390,0,0,0,0,0,0
ad7370692ccf45080b0313e775fdc09b,,424,1,0,1,2,1,15,0,0,0,0,0,0
ea45dd1338d4e9dbf629a33711d73ae4,,649,2,0,2,3,1,23,0,0,0,0,0,0
5a7b83c366f20f47b4fee61d4ed46672,,11243,2,0,2,3,1,570,0,0,0,0,0,0
4a082d8ce70f07f2c8ec4343fb09607e,,1736,7,0,7,8,1,64,0,0,0,0,0,0
2bc39245-d640-43d8-9530-b286f936c0ba,,1137,5,0,5,6,1,50,0,0,0,0,0,0
56a3f65b116a470d99c361fc2adfd5b0,,8603,2,0,2,3,1,728,0,0,0,0,0,0
d0dd63edc498d8af5ad88feec3a3aa45,,10548,2,0,2,3,1,666,0,0,0,0,0,0
62bc19fa5c982a11799d408868ea7a34,,885,2,0,2,3,1,34,0,0,0,0,0,0
019dc4ad-a0fe-4399-ac43-08b3934069f1,,933,2,0,2,3,1,38,0,0,0,0,0,0
252a142060baed151fbdfe5c6e3b0dfb,,978,1,0,1,2,1,36,0,0,0,0,0,0
0dc5c2d18af6c533f3bb0b897c4b0b92,,12821,1,0,1,2,1,384,0,0,0,0,0,0
8c08a58c7f37e1a9dbefae50a6cc9f88,,13575,3,0,3,4,1,382,0,0,0,0,0,0
01f9378aa823a0f5ac3ea1b849437c06,,835,3,0,3,4,1,32,0,0,0,0,0,0
1dc699e6e000b9c92aeae85d6eb4be64,,1065,3,0,3,4,1,46,0,0,0,0,0,0
8f8a6b6a8f41bcf6e6d82b9963c602f2,,1933,2,0,2,3,1,77,0,0,0,0,0,0
52807a64aeff6b3ee944dea2c504a8ae,,6955,1,0,1,2,1,284,0,0,0,0,0,0
ebb8b5e83943b0f9350eb5ab7005cbb7,,9728,1,0,1,2,1,739,0,0,0,0,0,0
687dcd7afc538b8d02cb79732e11f704,,1153,1,0,1,2,1,42,0,0,0,0,0,0
80626a7fb98cd3cda8c4c0166a414151,,1438,1,0,1,2,1,75,0,0,0,0,0,0
thesantatitan_deepseek-svg-dataset_0003439,,13525,3,0,3,4,1,384,0,0,0,0,0,0
41d36fbc527fc6d0970316cdf3b932b1,,877,3,0,3,4,1,34,0,0,0,0,0,0
df6bd5343885ca965f03d4161ca708ca,,1761,4,0,4,5,1,77,0,0,0,0,0,0
48c87959-d450-4a1b-bfd2-9b98e92ead19,,13134,14,0,14,15,1,403,0,0,0,0,0,0
a1fd86df-eeda-4f7b-b38e-3600927245b9,,12131,4,0,4,5,1,377,0,0,0,0,0,0
35af79d442bd937fbe614fd6aaaaa12c,,772,2,0,2,3,1,32,0,0,0,0,0,0
39698809c3776f5cf8b4addb39a847b3,,480,1,0,1,2,1,17,0,0,0,0,0,0
ac257ce0ad3fc16513c55487a6e0eec8,,772,3,0,3,4,1,42,0,0,0,0,0,0
034434f25044347627650b37c6ded315,,402,1,0,1,2,1,18,0,0,0,0,0,0
8cc54422f6df100049df0fa8b3297e7c,,936,4,0,4,5,1,36,0,0,0,0,0,0
eca474d62ec9c844fb98d910e5b4bddb,,8236,2,0,2,3,1,607,0,0,0,0,0,0
4bdabc5bd786e2ab60383e19c1089f76,,686,1,0,1,2,1,30,0,0,0,0,0,0
71ee158a22a6097284b46695521992a7,,1023,2,0,2,3,1,36,0,0,0,0,0,0
9fa4222ec7965d5d3df86cd6b7967041,,1849,4,0,4,5,1,92,0,0,0,0,0,0
thesantatitan_deepseek-svg-dataset_0001094,,10145,1,0,1,2,1,594,0,0,0,0,0,0
3332a2eeb90d4b8ace89ce52e857c0f1,,732,2,0,2,3,1,27,0,0,0,0,0,0
thesantatitan_deepseek-svg-dataset_0003906,,9180,1,0,1,2,1,373,0,0,0,0,0,0
90a05b017060160c10ff6d99d5899d03,,964,1,0,1,2,1,42,0,0,0,0,0,0
81f0ef2e89e860a114af2d8a4d133baa,,868,1,0,1,2,1,35,0,0,0,0,0,0
c3ce8e79074302a57f484a046a013c36,,2954,3,0,3,4,1,97,0,0,0,0,0,0
5042ffa79825e6f2e6cee4a274ba4f5b,,6141,1,0,1,2,1,332,0,0,0,0,0,0
9505dcfe12be5fffcbb4ba231515c977,,956,1,0,1,2,1,34,0,0,0,0,0,0
74f6eac8-62ee-4eb8-8011-46240d04e009,,5671,7,0,7,8,1,385,0,0,0,0,0,0
53327e66189097b0ff9f7e70945735dc,,1026,4,0,4,5,1,39,0,0,0,0,0,0
b360fa0926a8b1957b1f26088fe97853,,1008,2,0,2,3,1,45,0,0,0,0,0,0
6ad7c2e050bff53dcea032cf7583bf0a,,5992,21,0,21,22,1,225,0,0,0,0,0,0
6bc65b1d3307d18e1f92706020aa894b,,1015,2,0,2,3,1,32,0,0,0,0,0,0
c3db0c52ced2e11be751309c2556006d,,1900,4,0,4,5,1,74,0,0,0,0,0,0
2a1c12b0d51a179892d195533f7f596c,,589,1,0,1,2,1,34,0,0,0,0,0,0
90abc2f690f333e847fe3eb62fdef1a2,,303,1,0,1,2,1,12,0,0,0,0,0,0
thesantatitan_deepseek-svg-dataset_0003980,,11883,6,0,6,7,1,379,0,0,0,0,0,0
c9b6722769932bb1efc2f6bc12ed7d65,,7712,4,0,4,5,1,617,0,0,0,0,0,0
b38e1c566cfcb22ad3f533f433cd0733,,1369,1,0,1,2,1,58,0,0,0,0,0,0
b8029140c5fbb9821be9425c7fd82df5,,356,2,0,2,3,1,12,0,0,0,0,0,0
5d7ea50b7cbde896eda454af884fd39c,,925,1,0,1,2,1,45,0,0,0,0,0,0
5dcad18dd9f772a1ad8cd21e85dc0d22,,506,1,0,1,2,1,18,0,0,0,0,0,0
45cc90ae5276bda487c4d20efc9f681c,,361,1,0,1,2,1,10,0,0,0,0,0,0
fdd6dae79b074bc46f43126e1bd6c938,,2241,4,0,4,5,1,60,0,0,0,0,0,0
1caebe7cd161b7e3bf1035a31da0b4ef,,1522,1,0,1,2,1,81,0,0,0,0,0,0
a2d1fb8c976851526db46bd0a62df319,,896,1,0,1,2,1,44,0,0,0,0,0,0
7ab9719066edb519fc70aaeb07eb4e06,,561,1,0,1,2,1,36,0,0,0,0,0,0
ff14e5ee37528d960a1d1bbb4df6f6af,,649,2,0,2,3,1,19,0,0,0,0,0,0
87cde794689a999ad40b40ef03f88eba,,847,1,0,1,2,1,30,0,0,0,0,0,0
eb25bd8aa69ff58fffe2f50db471c4a9,,1217,1,0,1,2,1,82,0,0,0,0,0,0
72eb0386899d377cdfcf670007ebfad4,,1001,1,0,1,2,1,57,0,0,0,0,0,0
929aa50770012fcc29ea7619e1979620,,773,1,0,1,2,1,31,0,0,0,0,0,0
f7999d677294f41a6a77f628b2369578,,778,2,0,2,3,1,34,0,0,0,0,0,0
4c8f301dc3b7a2b9427069599408694a,,11239,1,0,1,2,1,465,0,0,0,0,0,0
f6a0318b5669d8be1abf0fb0a67b3b3b,,570,1,0,1,2,1,29,0,0,0,0,0,0
112ba24ae9e0c6f096b9128625f8832c,,1417,1,0,1,2,1,53,0,0,0,0,0,0
b42bf4c9f5cff809206c1566a65665f6,,1369,3,0,3,4,1,56,0,0,0,0,0,0
0a36304dec03e1ea2fcd956c4bb7d3a1,,7812,2,0,2,3,1,275,0,0,0,0,0,0
fc0c62d5010d40dbdc422b9877477348,,7228,5,0,5,6,1,310,0,0,0,0,0,0
e5217d6123baf58c5d7ef460fe54cd7e,,1557,2,0,2,3,1,68,0,0,0,0,0,0
bb003bdd403f4a9bad8b1c3b138f4060,,576,1,0,1,2,1,25,0,0,0,0,0,0
2aa7a54fbec708d1adaa9f64f3da1336,,870,3,0,3,4,1,29,0,0,0,0,0,0
f3a0e52f983b046e6f352e38d7089225,,616,3,0,3,4,1,29,0,0,0,0,0,0
93fcb2f3193c0a05e3e025c37b99ca8f,,480,1,0,1,2,1,20,0,0,0,0,0,0
01632c497e0bafb8ff07907f753a0fa8,,3120,2,0,2,3,1,108,0,0,0,0,0,0
a1546bb46e3d70ff4ebbb688ece1535f,,1226,3,0,3,4,1,45,0,0,0,0,0,0
c0a634bc156f907ad148fff33e08a797,,730,1,0,1,2,1,30,0,0,0,0,0,0
9720d368bcaebe97328d60764b349438,,1193,1,0,1,2,1,48,0,0,0,0,0,0
3cd203f594485bcf83054c3bebea8100,,6360,3,0,3,4,1,526,0,0,0,0,0,0
00f708cd3f4a7792afcfb4bc6dcb4017,,1824,1,0,1,2,1,98,0,0,0,0,0,0
4af3c9ce4fd62efbbf0160a76f037b8d,,2228,2,0,2,3,1,83,0,0,0,0,0,0
63b3422cb2fe74e70f8e15f723077655,,624,2,0,2,3,1,19,0,0,0,0,0,0
9ee3b1227a90cc9040d89e482e25e68a,,409,2,0,2,3,1,10,0,0,0,0,0,0
34031d8d633b61cb8e6c5adf5ca66906,,628,1,0,1,2,1,29,0,0,0,0,0,0
c7b3eca840b6f51565368e521d493bf7,,953,2,0,2,3,1,45,0,0,0,0,0,0
8ff07cf9f7a1ac4cf1b990630c754913,,893,1,0,1,2,1,49,0,0,0,0,0,0
ceb70ea6-74e0-4754-adbc-328208cd8ea3,,12745,6,0,6,7,1,386,0,0,0,0,0,0
0e2acc081df1ca0ea866498eb9da99ba,,1047,1,0,1,2,1,40,0,0,0,0,0,0
9bc27fa8e926dec612e192735d63911e,,11411,2,0,2,3,1,415,0,0,0,0,0,0
2c381c4126788a6b95c9150dc3a8a3d7,,450,1,0,1,2,1,20,0,0,0,0,0,0
a039891794356a93f0b690fc9bdc1a54,,444,1,0,1,2,1,20,0,0,0,0,0,0
2de7509b-b4b1-44c9-b134-e79d09773c1a,,927,1,0,1,2,1,35,0,0,0,0,0,0
31ad93a7cf6591716bbc0ce785f8bb71,,2363,8,0,8,9,1,85,0,0,0,0,0,0
08bb21af456700fada1ac15ec4d32754,,8526,42,0,42,43,1,291,0,0,0,0,0,0
45edfe755f4b2466bbf0d84ea7d15401,,13759,2,0,2,3,1,376,0,0,0,0,0,0
7b8fc50363222eaf0d9371d86bb448e7,,374,1,0,1,2,1,13,0,0,0,0,0,0
a9805813b67720210604c1200c2da2b6,,13411,1,0,1,2,1,390,0,0,0,0,0,0
d3d3a5bc95f33a9ea00a407f3a8ee393,,1427,3,0,3,4,1,44,0,0,0,0,0,0
22e173a9-bc71-4d0d-84cf-1142060333ce,,1742,8,0,8,9,1,69,0,0,0,0,0,0
dc5100694058a72a945a134e15530f0b,,570,1,0,1,2,1,31,0,0,0,0,0,0
72d63427fdc2f627b08d5dfaa6a9918e,,751,1,0,1,2,1,26,0,0,0,0,0,0
488042cf6eaa01e7845139e79a38e9fe,,964,1,0,1,2,1,42,0,0,0,0,0,0
f9e624c0e186b0e0f75887c3e2131df1,,899,3,0,3,4,1,31,0,0,0,0,0,0
8a7cd1257fb803546c12a12cc321b485,,432,1,0,1,2,1,13,0,0,0,0,0,0
af7d4afb-4071-40e3-bcfe-2a5587e2dfe3,,9753,7,0,7,8,1,442,0,0,0,0,0,0
aa9f193d583a18aab0b2792f8a98f1fe,,963,1,0,1,2,1,32,0,0,0,0,0,0
323e864133b581e07a8c628d290bd4e7,,1226,1,0,1,2,1,42,0,0,0,0,0,0
b21a4952f41284c5698fc67c88e64868,,750,2,0,2,3,1,30,0,0,0,0,0,0
64c0fdcd4bf1913d365cacdad36c2fe1,,827,1,0,1,2,1,42,0,0,0,0,0,0
a062b36a-c983-41ea-9902-76638bc8be53,,2042,3,0,3,4,1,58,0,0,0,0,0,0
156591ee09bef9ff296a7fa6fa8354bb,,457,1,0,1,2,1,18,0,0,0,0,0,0
ed06fe4128c3e2b58109abdb2ba0d381,,1077,4,0,4,5,1,49,0,0,0,0,0,0
ce3b6c429f39d502344ac6f7735f723e,,1356,6,0,6,7,1,72,0,0,0,0,0,0
36489f49-310a-4c51-9f7d-0eab2ac0b3fe,,752,2,0,2,3,1,29,0,0,0,0,0,0
949609e244d614218b23f50c5509c614,,1835,6,0,6,7,1,102,0,0,0,0,0,0
85332760f9d829ead4a9d30ffc913d6a,,731,1,0,1,2,1,21,0,0,0,0,0,0
dd968c952a9ed6b1e3af66e050aca87a,,491,1,0,1,2,1,30,0,0,0,0,0,0
e58231d097154095199ff717ddde87be,,668,1,0,1,2,1,24,0,0,0,0,0,0
8e5161fdce365e61dd324aa6f48d1de5,,310,1,0,1,2,1,9,0,0,0,0,0,0
ffdc11c523d214880eb61c0857311836,,628,1,0,1,2,1,29,0,0,0,0,0,0
aa1d1c5dd44400b0e1ad5a37e2a3b90c,,5968,1,0,1,2,1,537,0,0,0,0,0,0
c99a30ba9fd7fe64b935520102f66626,,1580,3,0,3,4,1,66,0,0,0,0,0,0
9171df5f-f639-4e1d-8617-9aad32be2aa5,,3810,14,0,14,15,1,159,0,0,0,0,0,0
a130002a99cc3648a24d412c456afdca,,12379,1,0,1,2,1,389,0,0,0,0,0,0
62ca2f05e5976f9b8ebcd1f20bb36ee9,,1583,1,0,1,2,1,103,0,0,0,0,0,0
c200cf487f7ddd974f2127c14a34e1b9,,2674,16,0,16,17,1,119,0,0,0,0,0,0
2b0cbea4570e361ff815e3f0fac0eabf,,239,1,0,1,2,1,7,0,0,0,0,0,0
afe1611033a8ca58d13f71d60ea94f51,,423,1,0,1,2,1,17,0,0,0,0,0,0
cc76666c917bf608001d455150620f4d,,593,1,0,1,2,1,33,0,0,0,0,0,0
c40d10c549c1c80692ed3629d2cb9a27,,5374,2,0,2,3,1,508,0,0,0,0,0,0
28ef351b939259e4a6be864f5ca72123,,704,1,0,1,2,1,33,0,0,0,0,0,0
dff7ef4393f1895cbb07b7d19d29ad23,,1906,1,0,1,2,1,75,0,0,0,0,0,0
ebcc1d50efe24a33abcd202b06d14e8a,,391,1,0,1,2,1,16,0,0,0,0,0,0
8feeaa885467f110de10a96773217f01,,2125,3,0,3,4,1,74,0,0,0,0,0,0
f750e4869f90de864f0e6d29eae3b512,,1017,2,0,2,3,1,47,0,0,0,0,0,0
6080026eb9cb1f3a9b1aadc079cf11c2,,668,1,0,1,2,1,24,0,0,0,0,0,0
d4d9c2dc33c69955435c18bcd8714270,,1423,1,0,1,2,1,66,0,0,0,0,0,0
ee8222e02bb32ce069918af785689b44,,626,1,0,1,2,1,30,0,0,0,0,0,0
ea4ce6666c1d1e7fb21039f2e08dc3d9,,1627,3,0,3,4,1,61,0,0,0,0,0,0
4ab37b21a628826e513eba1b782f84ea,,740,1,0,1,2,1,27,0,0,0,0,0,0
46535b644ad9b85b413dad8b13ae1edd,,568,1,0,1,2,1,33,0,0,0,0,0,0
fde503da257b1af7293476a5590212d9,,1158,2,0,2,3,1,36,0,0,0,0,0,0
2ba4c37562d2e2bffb8a0e02a2efac75,,1265,2,0,2,3,1,59,0,0,0,0,0,0
e32f4ccd3fdc9b9fed8eeb427b68306a,,1962,2,0,2,3,1,62,0,0,0,0,0,0
41b38cf515cab74b8ccd839f826c2fa6,,827,2,0,2,3,1,40,0,0,0,0,0,0
0db43ecb-1c8f-4efb-bb0e-097d5e9d0d4d,,8691,2,0,2,3,1,695,0,0,0,0,0,0
2d829d14f389f6ac8a11d4a4542f3739,,14127,4,0,4,5,1,386,0,0,0,0,0,0
386b7d92-a6fa-4005-abfc-50d67387cc7f,,1113,1,0,1,2,1,54,0,0,0,0,0,0
1370d580a7e7a91afcbbfed1cc0f800a,,1369,2,0,2,3,1,54,0,0,0,0,0,0
96f5b41df88bd3c1a0f1348567f3b6cb,,731,1,0,1,2,1,38,0,0,0,0,0,0
244cd227d650008ad779e4449c685ac3,,1575,3,0,3,4,1,52,0,0,0,0,0,0
426aa538ac3f297b151503a0eae1889f,,3420,4,0,4,5,1,129,0,0,0,0,0,0
9d3d65b9cef63049b3da71481aa360c3,,12003,3,0,3,4,1,382,0,0,0,0,0,0
8be2785241ad8588627189631f7b45b2,,924,1,0,1,2,1,27,0,0,0,0,0,0
92edbc425cf8eb1429203b38912144e1,,1206,1,0,1,2,1,68,0,0,0,0,0,0
66eec18f9c8a1b693aab52c1eb617116,,3728,8,0,8,9,1,145,0,0,0,0,0,0
1746e618853fd17448f2740f90622e42,,1598,8,0,8,9,1,66,0,0,0,0,0,0
af4a0c3d71c82e28ce9d41f9ee8c4c2d,,1786,2,0,2,3,1,89,0,0,0,0,0,0
df01fd16ec344d444235519b71c8c738,,2200,8,0,8,9,1,86,0,0,0,0,0,0
6cd2ff67e8c40d994115dc735aab04ab,,688,1,0,1,2,1,20,0,0,0,0,0,0
9ad34e074349bc67029395238ce85ab5,,9381,1,0,1,2,1,720,0,0,0,0,0,0
46a4faf1ae6a4426e6e96a35abb5074f,,1152,3,0,3,4,1,39,0,0,0,0,0,0
11c1b206357e957e417b6fb820eb7ad0,,1946,2,0,2,3,1,74,0,0,0,0,0,0
b49e57348a42e770f507d12b21652c1f,,1165,2,0,2,3,1,41,0,0,0,0,0,0
9872f10883b923d198db1dc9bc62d15a,,1500,2,0,2,3,1,56,0,0,0,0,0,0
ede87c9406eefbb3f9a689b9f30201c6,,585,1,0,1,2,1,21,0,0,0,0,0,0
5839a574d74b7f3cc7a7c48528f3cf2f,,1191,1,0,1,2,1,44,0,0,0,0,0,0
8b55d958-cd2e-4e51-a940-beea6b96e718,,505,1,0,1,2,1,25,0,0,0,0,0,0
388ccc7936d31aaba4cecbff344ceb78,,941,2,0,2,3,1,22,0,0,0,0,0,0
4e8dcd0d52b5e39bb8b0a63594d25e50,,2632,9,0,9,10,1,104,0,0,0,0,0,0
2e44a78926bf2e58f9839493a4fb9a3a,,1697,3,0,3,4,1,78,0,0,0,0,0,0
ca2d3a6439b3cea6f1c633f719b13189,,732,1,0,1,2,1,49,0,0,0,0,0,0
0a91f876f6c2294c12c2213f23830a4f,,787,1,0,1,2,1,37,0,0,0,0,0,0
fa5c275c8505741224c926183f9170d7,,777,1,0,1,2,1,37,0,0,0,0,0,0
d3dd2646d2862a60cedd6f8ce7112a34,,773,2,0,2,3,1,35,0,0,0,0,0,0
2e6d4bee953ce3099164392bbf49529e,,767,1,0,1,2,1,31,0,0,0,0,0,0
65ca56724f8e271537ee048c58f5fc66,,726,1,0,1,2,1,24,0,0,0,0,0,0
4f0f1ca31425d5e73907dd50ad5ea209,,10635,2,0,2,3,1,428,0,0,0,0,0,0
291895a6f3bc0900648190cdfd70ffd6,,1103,2,0,2,3,1,55,0,0,0,0,0,0
8b78ab189bc74d57e94affa65ed64547,,6530,1,0,1,2,1,545,0,0,0,0,0,0
7f5c6d9dd30f78f550c707acc5c17689,,892,3,0,3,4,1,35,0,0,0,0,0,0
d217ec5e54247f554658c0b55c0f7b88,,709,1,0,1,2,1,34,0,0,0,0,0,0
3b35b6161536c913c2e925688e6e1909,,1377,2,0,2,3,1,64,0,0,0,0,0,0
4b50219c5f811a4a2246f70fc8778fb7,,1125,1,0,1,2,1,34,0,0,0,0,0,0
7b26043f0d13cda39371e4b339ebadf7,,1675,5,0,5,6,1,60,0,0,0,0,0,0
f7e100176f3abaa371f2be1f2591b052,,553,1,0,1,2,1,19,0,0,0,0,0,0
7be87f50d6ce946ddf06aa2699e8fc7d,,1044,2,0,2,3,1,51,0,0,0,0,0,0
2179a3741a0ab1aa7c2d4662936b290c,,1137,2,0,2,3,1,34,0,0,0,0,0,0
ad497666ac65587fce985d7623871ae7,,802,1,0,1,2,1,36,0,0,0,0,0,0
d0316313-c830-4f01-9e3c-75e383512aa8,,835,2,0,2,3,1,25,0,0,0,0,0,0
bef3b5702afe02ec752caa10c598f0fb,,1070,1,0,1,2,1,37,0,0,0,0,0,0
59433b6bf3dc2b8185aad87ff88b37e9,,1079,2,0,2,3,1,50,0,0,0,0,0,0
cccde842a9770067e91c4fe35cb36e05,,1720,3,0,3,4,1,64,0,0,0,0,0,0
8d9a73f5da5369b5ee2483cb71f2a498,,993,1,0,1,2,1,43,0,0,0,0,0,0
60782d20cc8bfb457db8081589abf190,,1569,2,0,2,3,1,120,0,0,0,0,0,0
7884ebaf59a1407a0d842e8fedb04ac6,,1293,1,0,1,2,1,53,0,0,0,0,0,0
52b768babdfab2dde3b7f5754ab0356d,,2569,3,0,3,4,1,96,0,0,0,0,0,0
c06c776d341830fe0656ce80a4837c43,,13080,1,0,1,2,1,384,0,0,0,0,0,0
69f9025a676799aa7c78d9391f364e42,,549,1,0,1,2,1,18,0,0,0,0,0,0
b4055e74149d72b39af4bb6ed912d4dd,,490,1,0,1,2,1,27,0,0,0,0,0,0
0ab856c569e714140199edcea3bf4b1b,,605,2,0,2,3,1,22,0,0,0,0,0,0
7a48e2e3e1cfc84084ee88f328768326,,510,1,0,1,2,1,25,0,0,0,0,0,0
9c33cfa86000008f09d0d07bc3a8867e,,959,2,0,2,3,1,48,0,0,0,0,0,0
36a35cdca1a41057186eae176e77f782,,616,2,0,2,3,1,28,0,0,0,0,0,0
ecccb36d-f9f3-405b-aec4-692a0b41c947,,951,1,0,1,2,1,38,0,0,0,0,0,0
2fe46e535a6daafd0ccf76ff1632c924,,1483,3,0,3,4,1,62,0,0,0,0,0,0
e2f14b4772c54eab79d94ddd1086d4a8,,1980,6,0,6,7,1,74,0,0,0,0,0,0
c77bfcff2ef267f1687ee338811418a7,,991,4,0,4,5,1,43,0,0,0,0,0,0
11de9db4bf6f7c89ccef2e8f5255f940,,13786,5,0,5,6,1,384,0,0,0,0,0,0
31007fcfb3d29b96482936fef1627474,,731,3,0,3,4,1,24,0,0,0,0,0,0
aced284fc4b70f07ffb942630def4b70,,908,4,0,4,5,1,40,0,0,0,0,0,0
71c80fc88d513e986ada1a2c216f27fa,,13187,1,0,1,2,1,398,0,0,0,0,0,0
2416e0ec038a44a6796b03e1ca47e793,,3441,1,0,1,2,1,97,0,0,0,0,0,0
651d77d6513bb3bc5015b268b2478288,,604,1,0,1,2,1,25,0,0,0,0,0,0
4c7f68ff837be67b255daa570abe07fb,,6698,9,0,9,10,1,197,0,0,0,0,0,0
bfea09a06494a8d5c375a442159b9711,,752,1,0,1,2,1,38,0,0,0,0,0,0
9a44d8309fefe366bdfcf6dfe228d580,,650,1,0,1,2,1,24,0,0,0,0,0,0
e86ce2a192773fe0c96294a8e10623c4,,1453,4,0,4,5,1,55,0,0,0,0,0,0
f306de31c0bd997ca6d12994325dd787,,1268,1,0,1,2,1,61,0,0,0,0,0,0
e77f70272bee4c42cfa1e4764dde6c86,,1226,1,0,1,2,1,42,0,0,0,0,0,0
4e7b4e261c3e2bd62b06b2ac9aa91aa1,,919,1,0,1,2,1,39,0,0,0,0,0,0
ddad0ee9440251e63a9cec90b10d6ec6,,836,2,0,2,3,1,40,0,0,0,0,0,0
b7c33256-268d-48b6-8e2e-3a1342b81df1,,12206,2,0,2,3,1,571,0,0,0,0,0,0
2431467e520986551714b65e3ab50e3b,,411,1,0,1,2,1,12,0,0,0,0,0,0
4186c0e597bd570c83b7b206d4115e16,,7740,3,0,3,4,1,263,0,0,0,0,0,0
22ccf1fe0913a4ba90e8fe9f959512bc,,11664,41,0,41,42,1,450,0,0,0,0,0,0
9ef67cc04c109544fd8ca5096e5f56d7,,2217,1,0,1,2,1,68,0,0,0,0,0,0
c0b082b5-a6d8-4b0f-98f2-d4856daffb78,,12651,2,0,2,3,1,383,0,0,0,0,0,0
6a10a30f5106b16c5a03380efb724236,,1009,4,0,4,5,1,34,0,0,0,0,0,0
e3ff37b0428b939fe5e6d2206eb44c50,,559,3,0,3,4,1,15,0,0,0,0,0,0
3e5e60d596b309856a54fb4a70f7d0fb,,1384,1,0,1,2,1,63,0,0,0,0,0,0
281f7a7bbedcc3dabe56c34309ce0bf7,,565,1,0,1,2,1,29,0,0,0,0,0,0
d85928edea1d03e330c870425e4ca375,,636,1,0,1,2,1,27,0,0,0,0,0,0
3f93cf9a13f935ddbe2ca7a3a4ecaf44,,4012,1,0,1,2,1,219,0,0,0,0,0,0
7b4a2d22-bc7e-4231-b39c-2c9c075d0d99,,10463,73,0,73,74,1,471,0,0,0,0,0,0
d708199af57645920649bf70701ad00b,,1722,2,0,2,3,1,78,0,0,0,0,0,0
3882854a55bd3395269935f3dfaf0e04,,2717,8,0,8,9,1,119,0,0,0,0,0,0
73dc2a469ca2158870c301e1659e5cb3,,502,1,0,1,2,1,31,0,0,0,0,0,0
20d463daeb37810f910859c9e80bea4f,,6584,2,0,2,3,1,265,0,0,0,0,0,0
55b63de07f0b268ffa77a8b03658e48a,,1548,3,0,3,4,1,55,0,0,0,0,0,0
8bdc76a8-fe3c-44a4-a364-86fb8a7b30f9,,4385,3,0,3,4,1,184,0,0,0,0,0,0
6b65f7999301cb59cbf91807f8e0e3df,,1345,5,0,5,6,1,83,0,0,0,0,0,0
d755512b6a9f00a406ea8e3f270d047c,,1252,2,0,2,3,1,60,0,0,0,0,0,0
ff4c2cae6fe0ac0bb40cb56c5d95b871,,698,1,0,1,2,1,26,0,0,0,0,0,0
54f48ef9b405c33b8169c8a91d06aed8,,3755,1,0,1,2,1,120,0,0,0,0,0,0
thesantatitan_deepseek-svg-dataset_0001383,,5454,10,0,10,11,1,205,0,0,0,0,0,0
259272d045228e1454dc73f20e4b21fe,,1823,3,0,3,4,1,82,0,0,0,0,0,0
92d0bad60d4a2ea751692cd033980c49,,963,1,0,1,2,1,45,0,0,0,0,0,0
8eedb7c0c6e1a7dc6478a6d5bfcf13cc,,4442,17,0,17,18,1,187,0,0,0,0,0,0
69cf47984e44a1538e7d353b34def42f,,1351,2,0,2,3,1,53,0,0,0,0,0,0
75b079b90cfa4c4e4b4bcbae5658c3b5,,2519,11,0,11,12,1,89,0,0,0,0,0,0
487c4e7bd1e2ee065733d2f80e94efec,,439,1,0,1,2,1,20,0,0,0,0,0,0
dbc4ea2e435a7bb740ac91585d351f12,,1874,1,0,1,2,1,90,0,0,0,0,0,0
thesantatitan_deepseek-svg-dataset_0000091,,2857,2,0,2,3,1,85,0,0,0,0,0,0
3e5411b8d69c89782f4bed8961cff046,,1268,1,0,1,2,1,54,0,0,0,0,0,0
c71073a4a5707759d10e007d44fc4387,,1248,4,0,4,5,1,59,0,0,0,0,0,0
9971eab5-4b43-44ec-a24c-b2719d0b8748,,8837,3,0,3,4,1,753,0,0,0,0,0,0
1fc843fe63b2d9171fc37633e1e1e472,,457,1,0,1,2,1,17,0,0,0,0,0,0
c77776e9794164682f323900334bba75,,1418,1,0,1,2,1,60,0,0,0,0,0,0
849b07a02221722a6cd198a1e4c068a6,,4165,1,0,1,2,1,379,0,0,0,0,0,0
27f009c6aa33171f66c64a2de29a74bf,,4498,2,0,2,3,1,234,0,0,0,0,0,0
1bf29e037aafe2ae08195dbdbf2faf76,,518,1,0,1,2,1,17,0,0,0,0,0,0
cc1cd78fa1802e71cb180157748d7a21,,1836,3,0,3,4,1,91,0,0,0,0,0,0
aa72b958784d741e2f739f3de8cd87ec,,12152,3,0,3,4,1,388,0,0,0,0,0,0
e8da5391556ebf803535dd7b25f4e664,,1149,1,0,1,2,1,68,0,0,0,0,0,0
65a8cc311b2f6a8372023c24a19e2a98,,1259,1,0,1,2,1,45,0,0,0,0,0,0
4b184fd59f863d57f3b442899fd44ad3,,1575,1,0,1,2,1,83,0,0,0,0,0,0
fb0d5ee90f5bbf7c8d887e8126e2e196,,2554,3,0,3,4,1,80,0,0,0,0,0,0
59dd6e85af22bfbbc3847fd8abc1123d,,13274,3,0,3,4,1,384,0,0,0,0,0,0
3165710c4ec1bc05e3bab203b84cfc31,,556,1,0,1,2,1,27,0,0,0,0,0,0
6b06662971231ece5503a6e40505c924,,601,1,0,1,2,1,27,0,0,0,0,0,0
5c56c8e83a28b416d34f93edcf423b25,,729,2,0,2,3,1,40,0,0,0,0,0,0
a2d1bf0ffbd0fc75ac9844c67e3ac8a1,,1773,2,0,2,3,1,68,0,0,0,0,0,0
d6d8cf166fd37b01091d10c22ce10024,,1934,9,0,9,10,1,69,0,0,0,0,0,0
e45dfbdabe4a1c72627e7fa971794dea,,966,1,0,1,2,1,38,0,0,0,0,0,0
26f6ca54-40cb-4035-b19e-3e7403905497,,2631,8,0,8,9,1,76,0,0,0,0,0,0
589c26316d4d690373982e66e68cfecb,,9100,1,0,1,2,1,685,0,0,0,0,0,0
a7bf945e602c0ee30df2488e8345a73a,,599,2,0,2,3,1,16,0,0,0,0,0,0
ff394513090501b3bb69c9c2abcab152,,4326,1,0,1,2,1,134,0,0,0,0,0,0
33fc6704fa8896c6226925a5469d178a,,4179,20,0,20,21,1,175,0,0,0,0,0,0
c139a8b29b9859968a91b1bf01398bf3,,497,1,0,1,2,1,18,0,0,0,0,0,0
4c38df2f0e6ba01423d9191924bd41cd,,1779,1,0,1,2,1,66,0,0,0,0,0,0
67051f49ec5c07a61b227364e6407bab,,955,2,0,2,3,1,30,0,0,0,0,0,0
a098e1a674bcd08173931539cdba2d10,,611,1,0,1,2,1,32,0,0,0,0,0,0
17ff941d99f3ebdd65c837dc9e1d721e,,816,1,0,1,2,1,34,0,0,0,0,0,0
cf2201f29717e17d2876ef2b102b7caf,,1721,2,0,2,3,1,121,0,0,0,0,0,0
dc5820eaaccbd09e13aa8c2110857cc3,,13439,1,0,1,2,1,391,0,0,0,0,0,0
3f7b9f45f66ef9909ed452c37443795d,,1345,3,0,3,4,1,57,0,0,0,0,0,0
3934bc76774295fc899af45abad83f8e,,533,1,0,1,2,1,20,0,0,0,0,0,0
452d88fc7580327fff8c4ea197f626e9,,843,1,0,1,2,1,55,0,0,0,0,0,0
a65cc4b16a26c4b4aa812e5fbb9d6150,,767,1,0,1,2,1,35,0,0,0,0,0,0
9515c0a3fefe53b20f22e5b9e37cb136,,2111,6,0,6,7,1,80,0,0,0,0,0,0
a6efcc6de330f97af30e66d1ab6eb7e9,,13839,6,0,6,7,1,382,0,0,0,0,0,0
7d03f379bc4610b429309ec0150c26fb,,1089,3,0,3,4,1,39,0,0,0,0,0,0
ef301f72-39cf-45b6-b3f7-81d334b42e7b,,1260,2,0,2,3,1,54,0,0,0,0,0,0
3f0143b8ef161d5dba3ac028f09bbcea,,882,1,0,1,2,1,35,0,0,0,0,0,0
27ff917e0056c9600f69868bb4b8f590,,1072,1,0,1,2,1,37,0,0,0,0,0,0
5a1091c05f535163aa4cf2173acc60f9,,722,2,0,2,3,1,26,0,0,0,0,0,0
47033ab6f5cba4154e7420dd2457b5bc,,528,1,0,1,2,1,30,0,0,0,0,0,0
ff7e00de39653cb5ed09822fcac57bc6,,1201,1,0,1,2,1,61,0,0,0,0,0,0
c8bb40bc30f7e26f55df1149a4beec1c,,540,1,0,1,2,1,21,0,0,0,0,0,0
d79b026fd645ea223db7b2c7916402a2,,1141,1,0,1,2,1,81,0,0,0,0,0,0
b76c593bf7179609524a3c01fddc665a,,1290,2,0,2,3,1,62,0,0,0,0,0,0
1c903cbbe8b92e6292611cdedfaf2554,,1102,2,0,2,3,1,45,0,0,0,0,0,0
79bf8d9f20dc1cf8c3e934fccd65d8bb,,712,1,0,1,2,1,27,0,0,0,0,0,0
f8f0556445be4f9cad7a34aaadc890f1,,1064,2,0,2,3,1,77,0,0,0,0,0,0
5f5a7cb01fa07e68fdc95cd648581090,,9161,1,0,1,2,1,425,0,0,0,0,0,0
b8e61bb15e64a77baaa1138b2c948c93,,783,2,0,2,3,1,24,0,0,0,0,0,0
18113bee-6436-4d3c-b435-235d2438af56,,12539,2,0,2,3,1,383,0,0,0,0,0,0
0ecbf55a55ffc02de28b1480e1417713,,502,1,0,1,2,1,22,0,0,0,0,0,0
242fbb06deef395f761790e5c04e64f3,,424,1,0,1,2,1,17,0,0,0,0,0,0
d645058c-a13b-4037-b678-4f552dda7902,,13514,1,0,1,2,1,384,0,0,0,0,0,0
c00a84ca-5a06-4196-b9c9-568e07171b7b,,1596,3,0,3,4,1,52,0,0,0,0,0,0
98c113c8b9dcc3d3e8489ee4f819ba68,,1548,1,0,1,2,1,70,0,0,0,0,0,0
10cdf28ec274bddb77dec50daca69f24,,1749,1,0,1,2,1,81,0,0,0,0,0,0
12121859d4a58fc20ceae1f88657c55a,,12590,1,0,1,2,1,382,0,0,0,0,0,0
b297a98b4fec85cf14ebd7c76650692f,,384,1,0,1,2,1,11,0,0,0,0,0,0
ce65b6073bc13c7c49a3de3f8d4147ba,,9180,1,0,1,2,1,410,0,0,0,0,0,0
5f5052fc86f7283c6e0f4b021df0913d,,1165,2,0,2,3,1,41,0,0,0,0,0,0
118b61970a1cb032773f7e19f319dc13,,2314,1,0,1,2,1,96,0,0,0,0,0,0
c56754e889be2796fc7341186a213e00,,2407,2,0,2,3,1,101,0,0,0,0,0,0
5b5004a5cb02b8dfc0976455dd150ec3,,1231,1,0,1,2,1,47,0,0,0,0,0,0
3a425825410bd9bbb663e0a93ae29bed,,12483,2,0,2,3,1,407,0,0,0,0,0,0
674e45b3f38b3fae78966faa1993b7a1,,2770,1,0,1,2,1,142,0,0,0,0,0,0
ed20e4cd7376531538942d2c48d3e4c8,,2140,6,0,6,7,1,91,0,0,0,0,0,0
aa53daf311b2ed5818346c1a8d77dd0a,,1080,1,0,1,2,1,42,0,0,0,0,0,0
7dfad4292120247d624b6c854606c3ed,,692,2,0,2,3,1,27,0,0,0,0,0,0
f29bedbca87ea81a32b7792bfb63bf70,,1411,1,0,1,2,1,59,0,0,0,0,0,0
2ef74dcb56fec9cdb65f886d48e907aa,,1901,1,0,1,2,1,94,0,0,0,0,0,0
3c0f236ac5bccccd8931a2a193c0af9d,,3209,2,0,2,3,1,143,0,0,0,0,0,0
68b4b20c00b54b8ce674f9a0d3d33e47,,824,1,0,1,2,1,41,0,0,0,0,0,0
bd97a63779b80a0d8418639482888d17,,1522,3,0,3,4,1,58,0,0,0,0,0,0
f74e826e3a3c79ae0a8b98618cd5be8e,,674,2,0,2,3,1,26,0,0,0,0,0,0
905bf352882bf4051f047c7f34f80e06,,785,2,0,2,3,1,31,0,0,0,0,0,0
b1df9406fc801aedf807c6b3dd282aed,,990,3,0,3,4,1,40,0,0,0,0,0,0
ede6185e98b9c61569d2bb4c2d613a59,,700,2,0,2,3,1,29,0,0,0,0,0,0
01e2bc534c3fe6195e9cdcbebc49e990,,8030,2,0,2,3,1,276,0,0,0,0,0,0
450b77375f9b76102316f1f085524230,,1791,2,0,2,3,1,75,0,0,0,0,0,0
6a2de049d0e5858fc8d4ac06c2e11f41,,424,1,0,1,2,1,15,0,0,0,0,0,0
c94c91661e9e7cf9d51a2ef866f747d9,,1790,5,0,5,6,1,72,0,0,0,0,0,0
7fb9597990bb4b1297ce0f53f1f4cc90,,9586,2,0,2,3,1,740,0,0,0,0,0,0
caf76979d46dd7fe835fe919c62dff0d,,3008,12,0,12,13,1,113,0,0,0,0,0,0
89f63eb098a6634e05b2cf9e06926735,,1230,2,0,2,3,1,76,0,0,0,0,0,0
74df26d8107b847d2d40bdab62730e0b,,9826,10,0,10,11,1,714,0,0,0,0,0,0
72be2b271c0eacd5690697aea2cb1571,,1289,3,0,3,4,1,50,0,0,0,0,0,0
8bdd124616030aafdaeb9aa0c4decfb5,,1146,1,0,1,2,1,48,0,0,0,0,0,0
469010d65001bd0134ab971ebed57e19,,813,1,0,1,2,1,36,0,0,0,0,0,0
337ef2a9-d933-4e5e-9f79-785fc00a6a2d,,3417,17,0,17,18,1,144,0,0,0,0,0,0
8c0d9e8e491b1d24d254c51082f98191,,642,1,0,1,2,1,25,0,0,0,0,0,0
d52c96d48100ec4c181562ed38706c06,,450,1,0,1,2,1,26,0,0,0,0,0,0
2e8f72965f63940764ff38841b0a9270,,636,1,0,1,2,1,27,0,0,0,0,0,0
657cf4495538a4c5734128bd415b1256,,1416,2,0,2,3,1,68,0,0,0,0,0,0
d31eddc34316ae6f635e74dc1f04feb2,,651,1,0,1,2,1,37,0,0,0,0,0,0
6b127567fec1707f59ee0e4def0683e7,,1364,3,0,3,4,1,63,0,0,0,0,0,0
9808ce0a0eae297abea282c15eaeb657,,1045,1,0,1,2,1,34,0,0,0,0,0,0
d72fbbaa676efc3bbf4acd6755764b2b,,580,1,0,1,2,1,21,0,0,0,0,0,0
a49b3a98c180316bcd85a897c4c2d332,,1984,1,0,1,2,1,98,0,0,0,0,0,0
966cde599200ecd9eb6b13b1d79669f0,,518,2,0,2,3,1,19,0,0,0,0,0,0
fbd82d1810836b13f7f4d4f9c2d3955f,,14159,3,0,3,4,1,384,0,0,0,0,0,0
5a3dcd52e490e5355ae5b65c68bd6344,,9965,1,0,1,2,1,721,0,0,0,0,0,0
248b80b877268e028e2a28237e6634d5,,628,2,0,2,3,1,24,0,0,0,0,0,0
e639072987044eb5206ab4fff71c93b0,,1501,3,0,3,4,1,54,0,0,0,0,0,0
71e844325ba2a61a19a0bbc2bbc1de9d,,2326,4,0,4,5,1,92,0,0,0,0,0,0
7da29fbc-75f8-4ed4-b41f-391e38c7a16d,,8270,32,0,32,33,1,291,0,0,0,0,0,0
c5e9178928ddad31d6f93f8dbacce582,,1076,3,0,3,4,1,41,0,0,0,0,0,0
2fbe1cb2bff400b3d898156570344496,,2631,9,0,9,10,1,93,0,0,0,0,0,0
c154848399a4f841032152a8fd110853,,903,4,0,4,5,1,43,0,0,0,0,0,0
thesantatitan_deepseek-svg-dataset_0001861,,12769,1,0,1,2,1,383,0,0,0,0,0,0
9dfcadfbe77e3a9d344fa097e4011604,,993,3,0,3,4,1,39,0,0,0,0,0,0
460970e97a0b99580b580b281a8cdfec,,561,1,0,1,2,1,23,0,0,0,0,0,0
1c40e611bf221a4887d15aa63dfeab4a,,1818,1,0,1,2,1,69,0,0,0,0,0,0
aef27254394502ec4f6ee6a1a33f792d,,1804,1,0,1,2,1,81,0,0,0,0,0,0
3faa14ab6e4926a2801762d051f6be07,,3292,2,0,2,3,1,164,0,0,0,0,0,0
f94696acd9611124d18e698ea470ec87,,1040,2,0,2,3,1,49,0,0,0,0,0,0
thesantatitan_deepseek-svg-dataset_0000834,,8576,1,0,1,2,1,429,0,0,0,0,0,0
53080b81994859ccab1868b3112d4ecf,,1476,1,0,1,2,1,43,0,0,0,0,0,0
a3d61defc645633b80ed8e138723ed53,,1068,1,0,1,2,1,80,0,0,0,0,0,0
ad2cd3935f935daeff53d85105d1247f,,1277,2,0,2,3,1,50,0,0,0,0,0,0
f6d1ad64-70d5-481f-b013-143d63450b5d,,1133,1,0,1,2,1,41,0,0,0,0,0,0
648c48fa335d04ef08ced6789d73e7b6,,138,0,1,1,2,1,0,0,0,0,0,0,0
8920d6b6-6849-4b3e-abe9-a367a192dece,,1186,3,0,3,4,1,37,0,0,0,0,0,0
272c4b74-97c0-4724-9b63-5c8405c2eeb6,,9012,3,0,3,4,1,503,0,0,0,0,0,0
279659873728db818ccc4144460423e0,,9052,1,0,1,2,1,384,0,0,0,0,0,0
c3f57d7a317d8718fd68ae4e98529616,,2045,5,0,5,6,1,69,0,0,0,0,0,0
3c13d552c99343e6bf3956ba074a1de1,,367,1,0,1,2,1,17,0,0,0,0,0,0
f55f5c3e8b53f31e4579bb7b6e27e641,,3508,3,0,3,4,1,185,0,0,0,0,0,0
74a8caac68ce9de269ecea0d1cbb6ec1,,3079,3,0,3,4,1,109,0,0,0,0,0,0
b87359632ddd854d536864cabe9f7300,,1723,4,0,4,5,1,60,0,0,0,0,0,0
3fd4d7fc4a414ed435f0e59263a18e9b,,1156,1,0,1,2,1,46,0,0,0,0,0,0
1c80d7f120424b69ab1877ec41c68ee7,,1530,5,0,5,6,1,70,0,0,0,0,0,0
2c76d7441a10f524ef326b042b097306,,968,2,0,2,3,1,43,0,0,0,0,0,0
f49f1c737a56daff341433cb60b7924d,,4412,2,0,2,3,1,177,0,0,0,0,0,0
7503ff288bff8e874e73449a51813e7d,,737,1,0,1,2,1,42,0,0,0,0,0,0
9e01777dfb2f3e224a79d3cd87af2b62,,1370,1,0,1,2,1,55,0,0,0,0,0,0
4f1015a98aa9e51b1d2e67e949839841,,9247,2,0,2,3,1,547,0,0,0,0,0,0
4d93502307889b04bd949f31e69c6023,,531,1,0,1,2,1,32,0,0,0,0,0,0
47af911fcf29bf61fdf8ea81ef955d3b,,343,1,0,1,2,1,11,0,0,0,0,0,0
0d47341b2c8035885544353725467f5a,,1178,1,0,1,2,1,39,0,0,0,0,0,0
b788e6e0dcd0937da8a32b74843093ac,,370,2,0,2,3,1,11,0,0,0,0,0,0
e45de9de342015e87c2e0f6b9ac79681,,576,1,0,1,2,1,25,0,0,0,0,0,0
9fe2535b5fbcbfae159f688d4020aebe,,903,1,0,1,2,1,36,0,0,0,0,0,0
f7986b254fccd375bccb3f49786ec8b9,,9459,2,0,2,3,1,745,0,0,0,0,0,0
e105c7946f35f0183b584184b94257ef,,614,1,0,1,2,1,24,0,0,0,0,0,0
ee2648b55e124267dd840bf2e7216da8,,1637,1,0,1,2,1,61,0,0,0,0,0,0
782410b459147b8f4b4068e24d1ae9d9,,685,1,0,1,2,1,25,0,0,0,0,0,0
